carrera_origen,plan_origen,especialidad_origen,clave_origen,nombre_origen,direccion,carrera_destino,plan_destino,especialidad_destino,clave_destino,nombre_destino
A,06,0,A103,CALCULO DIFERENCIAL E INTEGRAL,← →,A,14,0,A101,CALCULO DIFERENCIAL E INTEGRAL
A,06,0,A104,COMUNICA. Y SIST. DE INFORMACION (TALLER),← →,A,14,0,A106,LÓGICA Y COMUNICACIÓN
A,06,0,A105,FISICA DEL MOVIMIENTO APLICADA,← →,A,14,0,A103,FISICA PARA BIOINGENIEROS
A,06,0,A106,INGLES I,← →,A,14,0,A104,INGLES I
A,06,0,A108,QUIMICA GENERAL APLICADA,← →,A,14,0,A107,QUÍMICA INORGÁNICA PARA BIOINGENIEROS
A,06,0,A103,CALCULO DIFERENCIAL E INTEGRAL,← →,A,99,0,A210,MATEMATICAS II
A,06,0,A104,COMUNICA. Y SIST. DE INFORMACION (TALLER),← →,A,99,0,A107,TALLER DE COMUNICACION
A,06,0,A105,FISICA DEL MOVIMIENTO APLICADA,← →,A,99,0,A103,FISICA
A,06,0,A107,PROGRAMACION (TALLER),← →,A,99,0,A211,PROGRAMACION
A,06,0,A108,QUIMICA GENERAL APLICADA,← →,A,99,0,A106,QUIMICA GENERAL
A,06,0,A211,ESTADISTICA,← →,A,99,0,A208,BIOESTADISTICA
A,06,0,A214,METODOS CUANTITATIVOS APLICADOS,← →,A,99,0,A424,METOD. ANALIT.E INTRUMENTALES
A,06,0,A217,TERMODINAMICA,← →,A,99,0,A320,TERMODINAMICA
A,06,0,A320,BALANCE DE MATERIA Y ENERGIA,← →,A,99,0,A423,INTROD. A LA BIOINGENIERIA
A,06,0,A321,ECUACIONES DIFERENCIALES,← →,A,99,0,A316,MATEMATICAS III
A,06,0,A322,ETICA (TALLER),← →,A,99,0,A209,ETICA
A,06,0,A323,FENOMENOS DE TRANSPORTE,← →,A,99,0,A422,FENOMENOS DE TRANSPORTE
A,06,0,A325,INSTRUMENTACION Y CONTROL,← →,A,99,0,A530,INSTRUMENTACION Y CONTROL
A,06,0,A327,QUIMICA AMBIENTAL I,← →,A,99,0,A212,QUIMICA AMBIENTAL I
A,06,0,A328,QUIMICA AMBIENTAL II,← →,A,99,0,A318,QUIMICA AMBIENTAL II
A,06,0,A432,MECANICA DE FLUIDOS Y SOLIDOS,← →,A,99,0,A529,INGENIERIA BASICA
A,06,0,A433,METODOS NUMERICOS (TALLER),← →,A,99,0,A317,METODOS NUMERICOS
A,06,0,A435,RIESGO E IMPACTO AMBIENTAL (TALLER),← →,A,99,0,A850,PLAN. RIESGO E IMPACTO AMBIENT
A,14,0,A101,CALCULO DIFERENCIAL E INTEGRAL,← →,A,06,0,A103,CALCULO DIFERENCIAL E INTEGRAL
A,14,0,A103,FISICA PARA BIOINGENIEROS,← →,A,06,0,A105,FISICA DEL MOVIMIENTO APLICADA
A,14,0,A104,INGLES I,← →,A,06,0,A106,INGLES I
A,14,0,A106,LÓGICA Y COMUNICACIÓN,← →,A,06,0,A104,COMUNICA. Y SIST. DE INFORMACION (TALLER)
A,14,0,A107,QUÍMICA INORGÁNICA PARA BIOINGENIEROS,← →,A,06,0,A108,QUIMICA GENERAL APLICADA
A,06,0,A101,BIOTECNOLOGIA Y SOCIEDAD,← →,B,06,0,B102,BIOTECNOLOGIA Y SOCIEDAD
A,06,0,A103,CALCULO DIFERENCIAL E INTEGRAL,← →,B,06,0,B103,CALCULO DIFERENCIAL E INTEGRAL
A,06,0,A104,COMUNICA. Y SIST. DE INFORMACION (TALLER),← →,B,06,0,B104,COMUNICA. Y SIST. DE INFORMACION (TALLER)
A,06,0,A106,INGLES I,← →,B,06,0,B107,INGLES I
A,06,0,A107,PROGRAMACION (TALLER),← →,B,06,0,B109,PROGRAMACION (TALLER)
A,06,0,A209,ALGEBRA VECTORIAL,← →,B,06,0,B211,ALGEBRA VECTORIAL
A,06,0,A211,ESTADISTICA,← →,B,06,0,B212,ESTADISTICA
A,06,0,A213,INGLES II,← →,B,06,0,B213,INGLES II
A,06,0,A216,RELACIONES LABORALES,← →,B,06,0,B216,RELACIONES LABORALES
A,06,0,A217,TERMODINAMICA,← →,B,06,0,B217,TERMODINAMICA I
A,06,0,A318,INGLES III,← →,B,06,0,B323,INGLES III
A,06,0,A319,APLICACIONES MATEMATICAS (TALLER),← →,B,06,0,B318,APLICACIONES MATEMATICAS (TALLER)
A,06,0,A320,BALANCE DE MATERIA Y ENERGIA,← →,B,06,0,B319,BALANCE DE MATERIA Y ENERGIA
A,06,0,A321,ECUACIONES DIFERENCIALES,← →,B,06,0,B320,ECUACIONES DIFERENCIALES
A,06,0,A322,ETICA (TALLER),← →,B,06,0,B321,ETICA (TALLER)
A,06,0,A323,FENOMENOS DE TRANSPORTE,← →,B,06,0,B429,FENOMENOS DE TRANSPORTE
A,06,0,A432,MECANICA DE FLUIDOS Y SOLIDOS,← →,B,06,0,B538,MECANICA DE FLUIDOS Y SOLIDOS
A,06,0,A433,METODOS NUMERICOS (TALLER),← →,B,06,0,B434,METODOS NUMERICOS (TALLER)
A,06,0,A434,PROC.DE TRANS.DE CALOR,← →,B,06,0,B539,PROCS. DE TRANSF.DE CALOR
A,06,0,A536,BIOSEPARACIONES FLUIDO-FLUIDO,← →,B,06,0,B644,BIOSEPARACIONES FLUIDO-FLUIDO
A,06,0,A537,BIOSEPARACIONES MECANICAS,← →,B,06,0,B645,BIOSEPARACIONES MECANICAS
A,06,0,A538,BIOSEPARACIONES SOLIDO-FLUIDO,← →,B,06,0,B646,BIOSEPARACIONES SOLIDO-FLUIDO
A,06,0,A539,LAB. DE BIOINGENIERIA,← →,B,06,0,B324,LAB. DE BIOINGENIERIA
A,06,0,A647,FOR.Y EVAL.DE PROYECTOS,← →,B,06,0,B861,FORMULACION Y EVALUACION DE PROYECTOS
A,06,0,A649,LAB. DE BIOSEPARACIONES,← →,B,06,0,B433,LAB. DE BIOSEPARACIONES
A,06,0,A652,SISTEMAS DE CALIDAD,← →,B,06,0,B541,SISTEMAS DE CALIDAD
A,06,0,A756,DISEÑO DE PLANTAS (TALLER),← →,B,06,0,B859,DISEÑO DE PLANTAS (TALLER)
A,06,0,A759,ELECTIVA,← →,B,06,0,B754,ELECTIVA I
A,06,0,A863,ESTANCIA DE TITULACION,← →,B,06,0,B860,ESTANCIA DE TITULACION
A,06,0,A103,CALCULO DIFERENCIAL E INTEGRAL,← →,B,14,0,B101,CALCULO DIFERENCIAL E INTEGRAL
A,06,0,A104,COMUNICA. Y SIST. DE INFORMACION (TALLER),← →,B,14,0,B106,LÓGICA Y COMUNICACIÓN
A,06,0,A105,FISICA DEL MOVIMIENTO APLICADA,← →,B,14,0,B103,FISICA PARA BIOINGENIEROS
A,06,0,A106,INGLES I,← →,B,14,0,B104,INGLÉS I
A,06,0,A108,QUIMICA GENERAL APLICADA,← →,B,14,0,B107,QUÍMICA INORGÁNICA PARA BIOINGENIEROS
A,06,0,A103,CALCULO DIFERENCIAL E INTEGRAL,← →,B,24,0,B103,CÁLCULO DIFERENCIAL E INTEGRAL
A,06,0,A104,COMUNICA. Y SIST. DE INFORMACION (TALLER),← →,B,24,0,B109,COMUNICACIÓN PROFESIONAL
A,06,0,A105,FISICA DEL MOVIMIENTO APLICADA,← →,B,24,0,B104,FÍSICA DEL MOVIMIENTO
A,06,0,A105,FISICA DEL MOVIMIENTO APLICADA,← →,B,24,0,B105,LABORATORIO DE FÍSICA DEL MOVIMIENTO
A,06,0,A107,PROGRAMACION (TALLER),← →,B,24,0,B108,PROGRAMACIÓN
A,06,0,A108,QUIMICA GENERAL APLICADA,← →,B,24,0,B106,LABORATORIO DE QUÍMICA GENERAL
A,06,0,A108,QUIMICA GENERAL APLICADA,← →,B,24,0,B107,QUÍMICA GENERAL
A,06,0,A212,FISICA DE LA ENERGIA APLICADA,← →,B,24,0,B203,FÍSICA DE LA ENERGÍA
A,06,0,A212,FISICA DE LA ENERGIA APLICADA,← →,B,24,0,B204,LABORATORIO DE FISICA DE LA ENERGÍA
A,06,0,A213,INGLES II,← →,B,24,0,B408,INGLÉS II
A,06,0,A215,QUIMICA ORGANICA APLICADA,← →,B,24,0,B207,QUIMICA ORGÁNICA
A,06,0,A216,RELACIONES LABORALES,← →,B,24,0,B508,GESTIÓN ORGANIZACIÓN Y DIRECCIÓN EMPRESARIAL
A,06,0,A320,BALANCE DE MATERIA Y ENERGIA,← →,B,24,0,B307,BALANCE DE MATERIA Y ENERGÍA
A,06,0,A321,ECUACIONES DIFERENCIALES,← →,B,24,0,B301,ECUACIONES DIFERENCIALES
A,06,0,A323,FENOMENOS DE TRANSPORTE,← →,B,24,0,B405,FENÓMENOS DE TRANSPORTE
A,06,0,A432,MECANICA DE FLUIDOS Y SOLIDOS,← →,B,24,0,B406,MECÁNICA DE FLUÍDOS Y SÓLIDOS
A,06,0,A433,METODOS NUMERICOS (TALLER),← →,B,24,0,B401,MÉTODOS NÚMERICOS
A,06,0,A434,PROC.DE TRANS.DE CALOR,← →,B,24,0,B503,PROCESOS DE TRANSFERENCIA DE CALOR
A,06,0,A536,BIOSEPARACIONES FLUIDO-FLUIDO,← →,B,24,0,B702,BIOSEPARACIONES FLUÍDO-FLUÍDO
A,06,0,A537,BIOSEPARACIONES MECANICAS,← →,B,24,0,B504,BIOSEPARACIONES MECÁNICAS
A,06,0,A538,BIOSEPARACIONES SOLIDO-FLUIDO,← →,B,24,0,B602,BIOSEPARACIONES SÓLIDO-FLUÍDO
A,06,0,A539,LAB. DE BIOINGENIERIA,← →,B,24,0,B407,LABORATORIO DE BIOINGENIERÍA
A,06,0,A647,FOR.Y EVAL.DE PROYECTOS,← →,B,24,0,B703,FORMULACIÓN Y EVALUACIÓN DE PROYECTOS
A,06,0,A648,ING.DE REACTORES Y BIORREACTORES,← →,B,24,0,B505,INGENIERÍA DE BIORREACTORES
A,06,0,A649,LAB. DE BIOSEPARACIONES,← →,B,24,0,B604,LABORATORIO DE BIOSEPARACIONES
A,06,0,A652,SISTEMAS DE CALIDAD,←,B,24,0,B705,QUALITY MANAGEMENT SYSTEM
A,06,0,A756,DISEÑO DE PLANTAS (TALLER),← →,B,24,0,B801,DISEÑO DE PLANTAS
A,06,0,A323,FENOMENOS DE TRANSPORTE,← →,B,99,0,B421,FENOMENOS DE TRANSPORTE
A,14,0,A101,CALCULO DIFERENCIAL E INTEGRAL,← →,B,06,0,B103,CALCULO DIFERENCIAL E INTEGRAL
A,14,0,A103,FISICA PARA BIOINGENIEROS,← →,B,06,0,B106,FISICA DEL MOVIMIENTO
A,14,0,A104,INGLES I,← →,B,06,0,B107,INGLES I
A,14,0,A105,LABORATORIO DE FÍSICA,← →,B,06,0,B106,FISICA DEL MOVIMIENTO
A,14,0,A106,LÓGICA Y COMUNICACIÓN,← →,B,06,0,B104,COMUNICA. Y SIST. DE INFORMACION (TALLER)
A,14,0,A107,QUÍMICA INORGÁNICA PARA BIOINGENIEROS,← →,B,06,0,B110,QUIMICA GENERAL
A,99,0,A101,BIOLOGIA,← →,B,99,0,B101,BIOLOGIA
A,99,0,A102,COMPUTACION,← →,B,99,0,B102,COMPUTACION
A,99,0,A103,FISICA,← →,B,99,0,B103,FISICA
A,99,0,A104,LAB. DE CIENCIAS BASICAS,← →,B,99,0,B104,LAB. DE CIENCIAS BASICAS
A,99,0,A105,MATEMATICAS I,← →,B,99,0,B105,MATEMATICAS I
A,99,0,A106,QUIMICA GENERAL,← →,B,99,0,B106,QUIMICA GENERAL
A,99,0,A107,TALLER DE COMUNICACION,← →,B,99,0,B107,TALLER DE COMUNICACION
A,99,0,A316,MATEMATICAS III,← →,B,99,0,B315,MATEMATICAS III
A,99,0,A317,METODOS NUMERICOS,← →,B,99,0,B317,METODOS NUMERICOS
A,06,0,A101,BIOTECNOLOGIA Y SOCIEDAD,← →,F,06,0,F102,BIOTECNOLOGIA Y SOCIEDAD
A,06,0,A103,CALCULO DIFERENCIAL E INTEGRAL,← →,F,06,0,F103,CALCULO DIFERENCIAL E INTEGRAL
A,06,0,A104,COMUNICA. Y SIST. DE INFORMACION (TALLER),← →,F,06,0,F106,COMUNICA. Y SIST. DE INFORMACION (TALLER)
A,06,0,A105,FISICA DEL MOVIMIENTO APLICADA,← →,F,06,0,F108,FISICA DEL MOVIMIENTO APLICADA
A,06,0,A106,INGLES I,← →,F,06,0,F107,INGLES I
A,06,0,A107,PROGRAMACION (TALLER),← →,F,06,0,F105,PROGRAMACION (TALLER)
A,06,0,A108,QUIMICA GENERAL APLICADA,← →,F,06,0,F104,QUIMICA GENERAL APLICADA
A,06,0,A209,ALGEBRA VECTORIAL,← →,F,06,0,F209,ALGEBRA VECTORIAL
A,06,0,A211,ESTADISTICA,← →,F,06,0,F210,ESTADISTICA
A,06,0,A213,INGLES II,← →,F,06,0,F212,INGLES II
A,06,0,A216,RELACIONES LABORALES,← →,F,06,0,F214,RELACIONES LABORALES
A,06,0,A217,TERMODINAMICA,← →,F,06,0,F215,TERMODINAMICA
A,06,0,A318,INGLES III,← →,F,06,0,F325,INGLES III
A,06,0,A319,APLICACIONES MATEMATICAS (TALLER),← →,F,06,0,F316,APLICACIONES MATEMATICAS (TALLER)
A,06,0,A320,BALANCE DE MATERIA Y ENERGIA,← →,F,06,0,F318,BALANCE DE MATERIA Y ENERGIA
A,06,0,A321,ECUACIONES DIFERENCIALES,← →,F,06,0,F317,ECUACIONES DIFERENCIALES
A,06,0,A322,ETICA (TALLER),← →,F,06,0,F323,ETICA (TALLER)
A,06,0,A323,FENOMENOS DE TRANSPORTE,← →,F,06,0,F427,FENOMENOS DE TRANSPORTE
A,06,0,A432,MECANICA DE FLUIDOS Y SOLIDOS,← →,F,06,0,F544,MECANICA DE FLUIDOS Y SOLIDOS
A,06,0,A433,METODOS NUMERICOS (TALLER),← →,F,06,0,F426,METODOS NUMERICOS (TALLER)
A,06,0,A434,PROC.DE TRANS.DE CALOR,← →,F,06,0,F545,PROC.DE TRANS.DE CALOR
A,06,0,A536,BIOSEPARACIONES FLUIDO-FLUIDO,← →,F,06,0,F648,BIOSEPARACIONES FLUIDO-FLUIDO
A,06,0,A537,BIOSEPARACIONES MECANICAS,← →,F,06,0,F650,BIOSEPARACIONES MECANICAS
A,06,0,A538,BIOSEPARACIONES SOLIDO-FLUIDO,← →,F,06,0,F649,BIOSEPARACIONES SOLIDO-FLUIDO
A,06,0,A539,LAB. DE BIOINGENIERIA,← →,F,06,0,F543,LAB. DE BIOINGENIERIA
A,06,0,A649,LAB. DE BIOSEPARACIONES,← →,F,06,0,F755,LAB. DE BIOSEPARACIONES
A,06,0,A652,SISTEMAS DE CALIDAD,← →,F,06,0,F320,SISTEMAS DE CALIDAD
A,06,0,A756,DISEÑO DE PLANTAS (TALLER),← →,F,06,0,F860,DISEÑO DE PLANTAS (TALLER)
A,06,0,A103,CALCULO DIFERENCIAL E INTEGRAL,← →,F,14,0,F101,CALCULO DIFERENCIAL E INTEGRAL
A,06,0,A104,COMUNICA. Y SIST. DE INFORMACION (TALLER),← →,F,14,0,F106,LÓGICA Y COMUNICACIÓN
A,06,0,A105,FISICA DEL MOVIMIENTO APLICADA,← →,F,14,0,F103,FISICA PARA BIOINGENIEROS
A,06,0,A105,FISICA DEL MOVIMIENTO APLICADA,← →,F,14,0,F105,LABORATORIO DE FÍSICA
A,06,0,A106,INGLES I,← →,F,14,0,F104,INGLÉS I
A,06,0,A108,QUIMICA GENERAL APLICADA,← →,F,14,0,F107,QUIMICA INORGÁNICA PARA BIOINGENIEROS
A,06,0,A320,BALANCE DE MATERIA Y ENERGIA,← →,F,99,0,F425,INTROD. A LA BIOINGENIERIA
A,14,0,A101,CALCULO DIFERENCIAL E INTEGRAL,← →,F,06,0,F103,CALCULO DIFERENCIAL E INTEGRAL
A,14,0,A103,FISICA PARA BIOINGENIEROS,← →,F,06,0,F108,FISICA DEL MOVIMIENTO APLICADA
A,14,0,A104,INGLES I,← →,F,06,0,F107,INGLES I
A,14,0,A105,LABORATORIO DE FÍSICA,← →,F,06,0,F108,FISICA DEL MOVIMIENTO APLICADA
A,14,0,A106,LÓGICA Y COMUNICACIÓN,← →,F,06,0,F106,COMUNICA. Y SIST. DE INFORMACION (TALLER)
A,14,0,A107,QUÍMICA INORGÁNICA PARA BIOINGENIEROS,← →,F,06,0,F104,QUIMICA GENERAL APLICADA
A,99,0,A101,BIOLOGIA,→,F,99,0,F101,BIOLOGIA
A,99,0,A102,COMPUTACION,← →,F,99,0,F102,COMPUTACION
A,99,0,A103,FISICA,← →,F,99,0,F103,FISICA
A,99,0,A104,LAB. DE CIENCIAS BASICAS,← →,F,99,0,F104,LAB. DE CIENCIAS BASICAS
A,99,0,A105,MATEMATICAS I,← →,F,99,0,F105,MATEMATICAS I
A,99,0,A106,QUIMICA GENERAL,← →,F,99,0,F106,QUIMICA GENERAL
A,99,0,A107,TALLER DE COMUNICACION,← →,F,99,0,F107,TALLER DE COMUNICACION
A,99,0,A316,MATEMATICAS III,← →,F,99,0,F315,MATEMATICAS III
A,99,0,A317,METODOS NUMERICOS,→,F,99,0,F316,METODOS NUMERICOS
A,99,0,A739,ADMON. DE LA PRODUCCION,← →,F,99,0,F739,ADM. DE LA PRODUCCION
A,06,0,A101,BIOTECNOLOGIA Y SOCIEDAD,← →,L,06,0,L102,BIOTECNOLOGIA Y SOCIEDAD
A,06,0,A103,CALCULO DIFERENCIAL E INTEGRAL,← →,L,06,0,L103,CALCULO DIFERENCIAL E INTEGRAL
A,06,0,A104,COMUNICA. Y SIST. DE INFORMACION (TALLER),← →,L,06,0,L104,COMUNICA. Y SIST. DE INFORMACION (TALLER)
A,06,0,A105,FISICA DEL MOVIMIENTO APLICADA,← →,L,06,0,L105,FISICA DEL MOVIMIENTO APLICADA
A,06,0,A106,INGLES I,← →,L,06,0,L106,INGLES I
A,06,0,A107,PROGRAMACION (TALLER),← →,L,06,0,L107,PROGRAMACION
A,06,0,A108,QUIMICA GENERAL APLICADA,← →,L,06,0,L108,QUIMICA GENERAL APLICADA
A,06,0,A209,ALGEBRA VECTORIAL,← →,L,06,0,L209,ALGEBRA VECTORIAL
A,06,0,A211,ESTADISTICA,← →,L,06,0,L210,ESTADISTICA
A,06,0,A213,INGLES II,← →,L,06,0,L211,INGLES II
A,06,0,A214,METODOS CUANTITATIVOS APLICADOS,← →,L,06,0,L212,METODOS CUANTITATIVOS
A,06,0,A215,QUIMICA ORGANICA APLICADA,← →,L,06,0,L214,QUIMICA ORGANICA APLICADA
A,06,0,A216,RELACIONES LABORALES,← →,L,06,0,L215,RELACIONES LABORALES
A,06,0,A217,TERMODINAMICA,← →,L,06,0,L216,TERMODINAMICA I
A,06,0,A318,INGLES III,← →,L,06,0,L323,INGLES III
A,06,0,A319,APLICACIONES MATEMATICAS (TALLER),← →,L,06,0,L317,APLICACIONES MATEMATICAS (TALLER)
A,06,0,A320,BALANCE DE MATERIA Y ENERGIA,← →,L,06,0,L318,BALANCE DE MATERIA Y ENERGIA
A,06,0,A321,ECUACIONES DIFERENCIALES,← →,L,06,0,L319,ECUACIONES DIFERENCIALES
A,06,0,A322,ETICA (TALLER),← →,L,06,0,L320,ETICA (TALLER)
A,06,0,A323,FENOMENOS DE TRANSPORTE,← →,L,06,0,L429,FENOMENOS DE TRANSPORTE
A,06,0,A432,MECANICA DE FLUIDOS Y SOLIDOS,← →,L,06,0,L545,MECANICA DE FLUIDOS Y SOLIDOS
A,06,0,A433,METODOS NUMERICOS (TALLER),← →,L,06,0,L433,METODOS NUMERICOS (TALLER)
A,06,0,A434,PROC.DE TRANS.DE CALOR,← →,L,06,0,L547,PROCESOS DE TRANSFERENCIA DE CALOR
A,06,0,A536,BIOSEPARACIONES FLUIDO-FLUIDO,← →,L,06,0,L654,BIOSEPARACIONES FLUIDO-FLUIDO
A,06,0,A537,BIOSEPARACIONES MECANICAS,← →,L,06,0,L653,BIOSEPARACIONES MECANICAS
A,06,0,A538,BIOSEPARACIONES SOLIDO-FLUIDO,← →,L,06,0,L655,BIOSEPARACIONES SOLIDO-FLUIDO
A,06,0,A539,LAB. DE BIOINGENIERIA,← →,L,06,0,L432,LAB. DE BIOINGENIERIA
A,06,0,A647,FOR.Y EVAL.DE PROYECTOS,← →,L,06,0,L763,FORMULACION Y EVALUACION DE PROYECTOS
A,06,0,A649,LAB. DE BIOSEPARACIONES,← →,L,06,0,L658,LAB. DE BIOSEPARACIONES
A,06,0,A756,DISEÑO DE PLANTAS (TALLER),← →,L,06,0,L759,DISEÑO DE PLANTAS (TALLER)
A,06,0,A863,ESTANCIA DE TITULACION,← →,L,06,0,L762,ESTANCIA DE TITULACION
A,06,0,A103,CALCULO DIFERENCIAL E INTEGRAL,← →,L,14,0,L101,CALCULO DIFERENCIAL E INTEGRAL
A,06,0,A104,COMUNICA. Y SIST. DE INFORMACION (TALLER),← →,L,14,0,L106,LOGICA Y COMUNICACIÓN
A,06,0,A105,FISICA DEL MOVIMIENTO APLICADA,← →,L,14,0,L103,FISICA PARA BIOINGENIEROS
A,06,0,A105,FISICA DEL MOVIMIENTO APLICADA,← →,L,14,0,L105,LABORATORIO DE FISICA
A,06,0,A106,INGLES I,← →,L,14,0,L104,INGLES I
A,06,0,A108,QUIMICA GENERAL APLICADA,← →,L,14,0,L107,QUÍMICA INORGÁNICA PARA BIOINGENIEROS
A,14,0,A101,CALCULO DIFERENCIAL E INTEGRAL,← →,L,06,0,L103,CALCULO DIFERENCIAL E INTEGRAL
A,14,0,A103,FISICA PARA BIOINGENIEROS,← →,L,06,0,L105,FISICA DEL MOVIMIENTO APLICADA
A,14,0,A104,INGLES I,← →,L,06,0,L106,INGLES I
A,14,0,A105,LABORATORIO DE FÍSICA,← →,L,06,0,L105,FISICA DEL MOVIMIENTO APLICADA
A,14,0,A106,LÓGICA Y COMUNICACIÓN,← →,L,06,0,L104,COMUNICA. Y SIST. DE INFORMACION (TALLER)
A,14,0,A107,QUÍMICA INORGÁNICA PARA BIOINGENIEROS,← →,L,06,0,L108,QUIMICA GENERAL APLICADA
A,99,0,A101,BIOLOGIA,← →,L,99,0,L101,BIOLOGIA
A,99,0,A102,COMPUTACION,← →,L,99,0,L102,COMPUTACION
A,99,0,A103,FISICA,← →,L,99,0,L103,FISICA
A,99,0,A104,LAB. DE CIENCIAS BASICAS,← →,L,99,0,L104,LAB. DE CIENCIAS BASICAS
A,99,0,A105,MATEMATICAS I,← →,L,99,0,L105,MATEMATICAS I
A,99,0,A106,QUIMICA GENERAL,← →,L,99,0,L106,QUIMICA GENERAL
A,99,0,A107,TALLER DE COMUNICACION,← →,L,99,0,L107,TALLER DE COMUNICACION
A,99,0,A210,MATEMATICAS II,← →,L,99,0,L210,MATEMATICAS II
A,99,0,A213,QUIMICA ORGANICA,← →,L,99,0,L212,QUIMICA ORGANICA
A,99,0,A316,MATEMATICAS III,← →,L,99,0,L315,MATEMATICAS III
A,99,0,A317,METODOS NUMERICOS,→,L,99,0,L316,METODOS NUMERICOS
A,06,0,A101,BIOTECNOLOGIA Y SOCIEDAD,← →,M,06,0,M102,BIOTECNOLOGIA Y SOCIEDAD
A,06,0,A103,CALCULO DIFERENCIAL E INTEGRAL,← →,M,06,0,M103,CALCULO DIFERENCIAL E INTEGRAL
A,06,0,A104,COMUNICA. Y SIST. DE INFORMACION (TALLER),← →,M,06,0,M104,COMUNICA. Y SIST. DE INFORMACION (TALLER)
A,06,0,A105,FISICA DEL MOVIMIENTO APLICADA,← →,M,06,0,M105,FISICA DEL MOVIMIENTO APLICADA
A,06,0,A106,INGLES I,← →,M,06,0,M106,INGLES I
A,06,0,A107,PROGRAMACION (TALLER),← →,M,06,0,M107,PROGRAMACION (TALLER)
A,06,0,A108,QUIMICA GENERAL APLICADA,← →,M,06,0,M108,QUIMICA GENERAL APLICADA
A,06,0,A209,ALGEBRA VECTORIAL,← →,M,06,0,M209,ALGEBRA VECTORIAL
A,06,0,A211,ESTADISTICA,← →,M,06,0,M210,ESTADISTICA
A,06,0,A212,FISICA DE LA ENERGIA APLICADA,← →,M,06,0,M211,FISICA DE LA ENERGIA APLICADA
A,06,0,A213,INGLES II,← →,M,06,0,M212,INGLES II
A,06,0,A215,QUIMICA ORGANICA APLICADA,← →,M,06,0,M214,QUIMICA ORGANICA APLICADA
A,06,0,A216,RELACIONES LABORALES,← →,M,06,0,M215,RELACIONES LABORALES
A,06,0,A318,INGLES III,← →,M,06,0,M324,INGLES III
A,06,0,A319,APLICACIONES MATEMATICAS (TALLER),← →,M,06,0,M317,APLICACIONES MATEMATICAS (TALLER)
A,06,0,A321,ECUACIONES DIFERENCIALES,← →,M,06,0,M319,ECUACIONES DIFERENCIALES
A,06,0,A322,ETICA (TALLER),← →,M,06,0,M321,ETICA (TALLER)
A,06,0,A325,INSTRUMENTACION Y CONTROL,← →,M,06,0,M429,INSTRUMENTACION Y CONTROL
A,06,0,A433,METODOS NUMERICOS (TALLER),← →,M,06,0,M430,METODOS NUMERICOS (TALLER)
A,06,0,A647,FOR.Y EVAL.DE PROYECTOS,← →,M,06,0,M648,FORMULACION Y EVALUACION DE PROYECTOS
A,06,0,A652,SISTEMAS DE CALIDAD,← →,M,06,0,M431,SISTEMAS DE CALIDAD
A,06,0,A103,CALCULO DIFERENCIAL E INTEGRAL,← →,M,14,0,M101,CALCULO DIFERENCIAL E INTEGRAL
A,06,0,A104,COMUNICA. Y SIST. DE INFORMACION (TALLER),← →,M,14,0,M106,LOGICA Y COMUNICACION
A,06,0,A105,FISICA DEL MOVIMIENTO APLICADA,← →,M,14,0,M103,FISICA PARA BIOINGENIERIOS
A,06,0,A105,FISICA DEL MOVIMIENTO APLICADA,← →,M,14,0,M105,LABORATORIO DE FISICA
A,06,0,A106,INGLES I,← →,M,14,0,M104,INGLES I
A,06,0,A108,QUIMICA GENERAL APLICADA,← →,M,14,0,M107,QUIMICA INORGANICA PARA BIOINGENIEROS
A,14,0,A101,CALCULO DIFERENCIAL E INTEGRAL,← →,M,06,0,M103,CALCULO DIFERENCIAL E INTEGRAL
A,14,0,A103,FISICA PARA BIOINGENIEROS,← →,M,06,0,M105,FISICA DEL MOVIMIENTO APLICADA
A,14,0,A104,INGLES I,← →,M,06,0,M106,INGLES I
A,14,0,A105,LABORATORIO DE FÍSICA,← →,M,06,0,M105,FISICA DEL MOVIMIENTO APLICADA
A,14,0,A106,LÓGICA Y COMUNICACIÓN,← →,M,06,0,M104,COMUNICA. Y SIST. DE INFORMACION (TALLER)
A,14,0,A107,QUÍMICA INORGÁNICA PARA BIOINGENIEROS,← →,M,06,0,M108,QUIMICA GENERAL APLICADA
A,99,0,A101,BIOLOGIA,← →,M,99,0,M101,BIOLOGIA
A,99,0,A102,COMPUTACION,← →,M,99,0,M102,COMPUTACION
A,99,0,A103,FISICA,← →,M,99,0,M103,FISICA
A,99,0,A104,LAB. DE CIENCIAS BASICAS,← →,M,99,0,M104,LAB. DE CIENCIAS BASICAS
A,99,0,A105,MATEMATICAS I,← →,M,99,0,M105,MATEMATICAS I
A,99,0,A106,QUIMICA GENERAL,← →,M,99,0,M106,QUIMICA GENERAL
A,99,0,A107,TALLER DE COMUNICACION,← →,M,99,0,M107,TALLER DE COMUNICACION
A,99,0,A316,MATEMATICAS III,← →,M,99,0,M317,MATEMATICAS III
A,99,0,A317,METODOS NUMERICOS,→,M,99,0,M318,METODOS NUMERICOS
B,06,0,B102,BIOTECNOLOGIA Y SOCIEDAD,← →,A,06,0,A101,BIOTECNOLOGIA Y SOCIEDAD
B,06,0,B103,CALCULO DIFERENCIAL E INTEGRAL,← →,A,06,0,A103,CALCULO DIFERENCIAL E INTEGRAL
B,06,0,B104,COMUNICA. Y SIST. DE INFORMACION (TALLER),← →,A,06,0,A104,COMUNICA. Y SIST. DE INFORMACION (TALLER)
B,06,0,B107,INGLES I,← →,A,06,0,A106,INGLES I
B,06,0,B109,PROGRAMACION (TALLER),← →,A,06,0,A107,PROGRAMACION (TALLER)
B,06,0,B211,ALGEBRA VECTORIAL,← →,A,06,0,A209,ALGEBRA VECTORIAL
B,06,0,B212,ESTADISTICA,← →,A,06,0,A211,ESTADISTICA
B,06,0,B213,INGLES II,← →,A,06,0,A213,INGLES II
B,06,0,B216,RELACIONES LABORALES,← →,A,06,0,A216,RELACIONES LABORALES
B,06,0,B217,TERMODINAMICA I,← →,A,06,0,A217,TERMODINAMICA
B,06,0,B318,APLICACIONES MATEMATICAS (TALLER),← →,A,06,0,A319,APLICACIONES MATEMATICAS (TALLER)
B,06,0,B319,BALANCE DE MATERIA Y ENERGIA,← →,A,06,0,A320,BALANCE DE MATERIA Y ENERGIA
B,06,0,B320,ECUACIONES DIFERENCIALES,← →,A,06,0,A321,ECUACIONES DIFERENCIALES
B,06,0,B321,ETICA (TALLER),← →,A,06,0,A322,ETICA (TALLER)
B,06,0,B323,INGLES III,← →,A,06,0,A318,INGLES III
B,06,0,B324,LAB. DE BIOINGENIERIA,← →,A,06,0,A539,LAB. DE BIOINGENIERIA
B,06,0,B429,FENOMENOS DE TRANSPORTE,← →,A,06,0,A323,FENOMENOS DE TRANSPORTE
B,06,0,B433,LAB. DE BIOSEPARACIONES,← →,A,06,0,A649,LAB. DE BIOSEPARACIONES
B,06,0,B434,METODOS NUMERICOS (TALLER),← →,A,06,0,A433,METODOS NUMERICOS (TALLER)
B,06,0,B538,MECANICA DE FLUIDOS Y SOLIDOS,← →,A,06,0,A432,MECANICA DE FLUIDOS Y SOLIDOS
B,06,0,B539,PROCS. DE TRANSF.DE CALOR,← →,A,06,0,A434,PROC.DE TRANS.DE CALOR
B,06,0,B541,SISTEMAS DE CALIDAD,← →,A,06,0,A652,SISTEMAS DE CALIDAD
B,06,0,B644,BIOSEPARACIONES FLUIDO-FLUIDO,← →,A,06,0,A536,BIOSEPARACIONES FLUIDO-FLUIDO
B,06,0,B645,BIOSEPARACIONES MECANICAS,← →,A,06,0,A537,BIOSEPARACIONES MECANICAS
B,06,0,B646,BIOSEPARACIONES SOLIDO-FLUIDO,← →,A,06,0,A538,BIOSEPARACIONES SOLIDO-FLUIDO
B,06,0,B754,ELECTIVA I,← →,A,06,0,A759,ELECTIVA
B,06,0,B859,DISEÑO DE PLANTAS (TALLER),← →,A,06,0,A756,DISEÑO DE PLANTAS (TALLER)
B,06,0,B860,ESTANCIA DE TITULACION,← →,A,06,0,A863,ESTANCIA DE TITULACION
B,06,0,B861,FORMULACION Y EVALUACION DE PROYECTOS,← →,A,06,0,A647,FOR.Y EVAL.DE PROYECTOS
B,06,0,B103,CALCULO DIFERENCIAL E INTEGRAL,← →,A,14,0,A101,CALCULO DIFERENCIAL E INTEGRAL
B,06,0,B104,COMUNICA. Y SIST. DE INFORMACION (TALLER),← →,A,14,0,A106,LÓGICA Y COMUNICACIÓN
B,06,0,B106,FISICA DEL MOVIMIENTO,← →,A,14,0,A103,FISICA PARA BIOINGENIEROS
B,06,0,B106,FISICA DEL MOVIMIENTO,← →,A,14,0,A105,LABORATORIO DE FÍSICA
B,06,0,B107,INGLES I,← →,A,14,0,A104,INGLES I
B,06,0,B110,QUIMICA GENERAL,← →,A,14,0,A107,QUÍMICA INORGÁNICA PARA BIOINGENIEROS
B,14,0,B101,CALCULO DIFERENCIAL E INTEGRAL,← →,A,06,0,A103,CALCULO DIFERENCIAL E INTEGRAL
B,14,0,B103,FISICA PARA BIOINGENIEROS,← →,A,06,0,A105,FISICA DEL MOVIMIENTO APLICADA
B,14,0,B104,INGLÉS I,← →,A,06,0,A106,INGLES I
B,14,0,B106,LÓGICA Y COMUNICACIÓN,← →,A,06,0,A104,COMUNICA. Y SIST. DE INFORMACION (TALLER)
B,14,0,B107,QUÍMICA INORGÁNICA PARA BIOINGENIEROS,← →,A,06,0,A108,QUIMICA GENERAL APLICADA
B,24,0,B103,CÁLCULO DIFERENCIAL E INTEGRAL,← →,A,06,0,A103,CALCULO DIFERENCIAL E INTEGRAL
B,24,0,B104,FÍSICA DEL MOVIMIENTO,← →,A,06,0,A105,FISICA DEL MOVIMIENTO APLICADA
B,24,0,B105,LABORATORIO DE FÍSICA DEL MOVIMIENTO,← →,A,06,0,A105,FISICA DEL MOVIMIENTO APLICADA
B,24,0,B106,LABORATORIO DE QUÍMICA GENERAL,← →,A,06,0,A108,QUIMICA GENERAL APLICADA
B,24,0,B107,QUÍMICA GENERAL,← →,A,06,0,A108,QUIMICA GENERAL APLICADA
B,24,0,B108,PROGRAMACIÓN,← →,A,06,0,A107,PROGRAMACION (TALLER)
B,24,0,B109,COMUNICACIÓN PROFESIONAL,← →,A,06,0,A104,COMUNICA. Y SIST. DE INFORMACION (TALLER)
B,24,0,B203,FÍSICA DE LA ENERGÍA,← →,A,06,0,A212,FISICA DE LA ENERGIA APLICADA
B,24,0,B204,LABORATORIO DE FISICA DE LA ENERGÍA,← →,A,06,0,A212,FISICA DE LA ENERGIA APLICADA
B,24,0,B207,QUIMICA ORGÁNICA,← →,A,06,0,A215,QUIMICA ORGANICA APLICADA
B,24,0,B301,ECUACIONES DIFERENCIALES,← →,A,06,0,A321,ECUACIONES DIFERENCIALES
B,24,0,B307,BALANCE DE MATERIA Y ENERGÍA,← →,A,06,0,A320,BALANCE DE MATERIA Y ENERGIA
B,24,0,B401,MÉTODOS NÚMERICOS,← →,A,06,0,A433,METODOS NUMERICOS (TALLER)
B,24,0,B405,FENÓMENOS DE TRANSPORTE,← →,A,06,0,A323,FENOMENOS DE TRANSPORTE
B,24,0,B406,MECÁNICA DE FLUÍDOS Y SÓLIDOS,← →,A,06,0,A432,MECANICA DE FLUIDOS Y SOLIDOS
B,24,0,B407,LABORATORIO DE BIOINGENIERÍA,← →,A,06,0,A539,LAB. DE BIOINGENIERIA
B,24,0,B408,INGLÉS II,← →,A,06,0,A213,INGLES II
B,24,0,B503,PROCESOS DE TRANSFERENCIA DE CALOR,← →,A,06,0,A434,PROC.DE TRANS.DE CALOR
B,24,0,B504,BIOSEPARACIONES MECÁNICAS,← →,A,06,0,A537,BIOSEPARACIONES MECANICAS
B,24,0,B505,INGENIERÍA DE BIORREACTORES,← →,A,06,0,A648,ING.DE REACTORES Y BIORREACTORES
B,24,0,B508,GESTIÓN ORGANIZACIÓN Y DIRECCIÓN EMPRESARIAL,← →,A,06,0,A216,RELACIONES LABORALES
B,24,0,B602,BIOSEPARACIONES SÓLIDO-FLUÍDO,← →,A,06,0,A538,BIOSEPARACIONES SOLIDO-FLUIDO
B,24,0,B604,LABORATORIO DE BIOSEPARACIONES,← →,A,06,0,A649,LAB. DE BIOSEPARACIONES
B,24,0,B702,BIOSEPARACIONES FLUÍDO-FLUÍDO,← →,A,06,0,A536,BIOSEPARACIONES FLUIDO-FLUIDO
B,24,0,B703,FORMULACIÓN Y EVALUACIÓN DE PROYECTOS,← →,A,06,0,A647,FOR.Y EVAL.DE PROYECTOS
B,24,0,B705,QUALITY MANAGEMENT SYSTEM,→,A,06,0,A652,SISTEMAS DE CALIDAD
B,24,0,B801,DISEÑO DE PLANTAS,← →,A,06,0,A756,DISEÑO DE PLANTAS (TALLER)
B,99,0,B421,FENOMENOS DE TRANSPORTE,← →,A,06,0,A323,FENOMENOS DE TRANSPORTE
B,99,0,B101,BIOLOGIA,← →,A,99,0,A101,BIOLOGIA
B,99,0,B102,COMPUTACION,← →,A,99,0,A102,COMPUTACION
B,99,0,B103,FISICA,← →,A,99,0,A103,FISICA
B,99,0,B104,LAB. DE CIENCIAS BASICAS,← →,A,99,0,A104,LAB. DE CIENCIAS BASICAS
B,99,0,B105,MATEMATICAS I,← →,A,99,0,A105,MATEMATICAS I
B,99,0,B106,QUIMICA GENERAL,← →,A,99,0,A106,QUIMICA GENERAL
B,99,0,B107,TALLER DE COMUNICACION,← →,A,99,0,A107,TALLER DE COMUNICACION
B,99,0,B315,MATEMATICAS III,← →,A,99,0,A316,MATEMATICAS III
B,99,0,B317,METODOS NUMERICOS,← →,A,99,0,A317,METODOS NUMERICOS
B,06,0,B103,CALCULO DIFERENCIAL E INTEGRAL,← →,B,14,0,B101,CALCULO DIFERENCIAL E INTEGRAL
B,06,0,B104,COMUNICA. Y SIST. DE INFORMACION (TALLER),← →,B,14,0,B106,LÓGICA Y COMUNICACIÓN
B,06,0,B106,FISICA DEL MOVIMIENTO,← →,B,14,0,B103,FISICA PARA BIOINGENIEROS
B,06,0,B107,INGLES I,← →,B,14,0,B104,INGLÉS I
B,06,0,B110,QUIMICA GENERAL,← →,B,14,0,B107,QUÍMICA INORGÁNICA PARA BIOINGENIEROS
B,06,0,B101,BIOLOGIA CELULAR,← →,B,24,0,B101,BIOLOGÍA CELULAR
B,06,0,B103,CALCULO DIFERENCIAL E INTEGRAL,← →,B,24,0,B103,CÁLCULO DIFERENCIAL E INTEGRAL
B,06,0,B104,COMUNICA. Y SIST. DE INFORMACION (TALLER),← →,B,24,0,B109,COMUNICACIÓN PROFESIONAL
B,06,0,B105,FISICA DE LA ENERGIA,← →,B,24,0,B203,FÍSICA DE LA ENERGÍA
B,06,0,B106,FISICA DEL MOVIMIENTO,← →,B,24,0,B104,FÍSICA DEL MOVIMIENTO
B,06,0,B108,PLANEACION,← →,B,24,0,B409,PLANEACIÓN ESTRATÉGICA
B,06,0,B109,PROGRAMACION (TALLER),← →,B,24,0,B108,PROGRAMACIÓN
B,06,0,B110,QUIMICA GENERAL,← →,B,24,0,B107,QUÍMICA GENERAL
B,06,0,B213,INGLES II,← →,B,24,0,B408,INGLÉS II
B,06,0,B214,LAB. TEC. MICROBIOLOGICAS,→,B,24,0,B205,LABORATORIO DE MICROBIOLOGÍA
B,06,0,B215,QUIMICA ORGANICA,← →,B,24,0,B207,QUIMICA ORGÁNICA
B,06,0,B216,RELACIONES LABORALES,← →,B,24,0,B508,GESTIÓN ORGANIZACIÓN Y DIRECCIÓN EMPRESARIAL
B,06,0,B319,BALANCE DE MATERIA Y ENERGIA,← →,B,24,0,B307,BALANCE DE MATERIA Y ENERGÍA
B,06,0,B320,ECUACIONES DIFERENCIALES,← →,B,24,0,B301,ECUACIONES DIFERENCIALES
B,06,0,B322,FISIOLOGIA CELULAR,← →,B,24,0,B304,BIOQUÍMICA
B,06,0,B324,LAB. DE BIOINGENIERIA,← →,B,24,0,B407,LABORATORIO DE BIOINGENIERÍA
B,06,0,B325,LAB. DE BIORREACTORES,← →,B,24,0,B603,LABORATORIO DE BIORREACTORES
B,06,0,B327,TERMODINAMICA II,← →,B,24,0,B306,FISICOQUÍMICA
B,06,0,B429,FENOMENOS DE TRANSPORTE,← →,B,24,0,B405,FENÓMENOS DE TRANSPORTE
B,06,0,B430,DINAMICA Y CONTROL DE BIOPROCESOS,← →,B,24,0,B704,DINÁMICA Y CONTROL DE PROCESOS
B,06,0,B431,INGENIERIA ENZIMATICA,← →,B,24,0,B403,INGENIERIA ENZIMÁTICA
B,06,0,B432,LAB. BIOTECNOLOGIA MOLECULAR,←,B,24,0,B502,LABORATORIO DE INGENIERÍA GENÉTICA
B,06,0,B433,LAB. DE BIOSEPARACIONES,← →,B,24,0,B604,LABORATORIO DE BIOSEPARACIONES
B,06,0,B434,METODOS NUMERICOS (TALLER),← →,B,24,0,B401,MÉTODOS NÚMERICOS
B,06,0,B536,BIOTECNOLOGIA DE LA RESP.INMUNE,← →,B,24,0,B501,INMUNOLOGÍA
B,06,0,B537,LAB. DE BIOCONVERSIONES,→,B,24,0,B404,LABORATORIO DE INGENIERIA ENZIMÁTICA
B,06,0,B538,MECANICA DE FLUIDOS Y SOLIDOS,← →,B,24,0,B406,MECÁNICA DE FLUÍDOS Y SÓLIDOS
B,06,0,B539,PROCS. DE TRANSF.DE CALOR,← →,B,24,0,B503,PROCESOS DE TRANSFERENCIA DE CALOR
B,06,0,B540,PROTECCION AMBIENTAL,←,B,24,0,B606,PROTECCIÓN AMBIENTAL Y DESARROLLO SOSTENIBLE
B,06,0,B541,SISTEMAS DE CALIDAD,←,B,24,0,B705,QUALITY MANAGEMENT SYSTEM
B,06,0,B542,TEC.DE RECOMBINACION GENETICA,← →,B,24,0,B402,BIOLOGIA MOLECULAR
B,06,0,B643,ADMINISTRACION DE PROYECTOS,←,B,24,0,B803,PROYECT MANAGEMENT
B,06,0,B644,BIOSEPARACIONES FLUIDO-FLUIDO,← →,B,24,0,B702,BIOSEPARACIONES FLUÍDO-FLUÍDO
B,06,0,B645,BIOSEPARACIONES MECANICAS,← →,B,24,0,B504,BIOSEPARACIONES MECÁNICAS
B,06,0,B646,BIOSEPARACIONES SOLIDO-FLUIDO,← →,B,24,0,B602,BIOSEPARACIONES SÓLIDO-FLUÍDO
B,06,0,B647,INGENIERIA DE BIORREACTORES,← →,B,24,0,B505,INGENIERÍA DE BIORREACTORES
B,06,0,B648,INGENIERIA CELULAR,← →,B,24,0,B601,INGENIERÍA METABÓLICA
B,06,0,B757,SINTESIS Y ANALISIS DE BIOPROCESOS,→,B,24,0,B605,ANÁLISIS Y SÍNTESIS DE BIOPROCESOS
B,06,0,B758,TEC.DE LA PROD.DE BIOMOLECULAS,← →,B,24,0,B701,TECNOLOGÍA Y PRODUCCIÓN DE BIOMOLÉCULAS
B,06,0,B859,DISEÑO DE PLANTAS (TALLER),← →,B,24,0,B801,DISEÑO DE PLANTAS
B,06,0,B861,FORMULACION Y EVALUACION DE PROYECTOS,← →,B,24,0,B703,FORMULACIÓN Y EVALUACIÓN DE PROYECTOS
B,06,0,B101,BIOLOGIA CELULAR,← →,B,99,0,B101,BIOLOGIA
B,06,0,B103,CALCULO DIFERENCIAL E INTEGRAL,← →,B,99,0,B210,MATEMATICAS II
B,06,0,B104,COMUNICA. Y SIST. DE INFORMACION (TALLER),← →,B,99,0,B107,TALLER DE COMUNICACION
B,06,0,B106,FISICA DEL MOVIMIENTO,← →,B,99,0,B103,FISICA
B,06,0,B109,PROGRAMACION (TALLER),← →,B,99,0,B211,PROGRAMACION
B,06,0,B110,QUIMICA GENERAL,← →,B,99,0,B106,QUIMICA GENERAL
B,06,0,B212,ESTADISTICA,← →,B,99,0,B208,BIOESTADISTICA
B,06,0,B214,LAB. TEC. MICROBIOLOGICAS,← →,B,99,0,B424,MICROBIOLOGIA GENERAL
B,06,0,B215,QUIMICA ORGANICA,← →,B,99,0,B212,QUIMICA ORGANICA
B,06,0,B217,TERMODINAMICA I,← →,B,99,0,B319,TERMODINAMICA
B,06,0,B319,BALANCE DE MATERIA Y ENERGIA,← →,B,99,0,B423,INTROD. A LA BIOINGENIERIA
B,06,0,B320,ECUACIONES DIFERENCIALES,← →,B,99,0,B315,MATEMATICAS III
B,06,0,B321,ETICA (TALLER),← →,B,99,0,B209,ETICA
B,06,0,B326,METODOS CUANTITATIVOS,← →,B,99,0,B316,METOD.ANALIT. E INSTRUMENTALES
B,06,0,B429,FENOMENOS DE TRANSPORTE,← →,B,99,0,B421,FENOMENOS DE TRANSPORTE
B,06,0,B430,DINAMICA Y CONTROL DE BIOPROCESOS,← →,B,99,0,B529,INSTRUMENTACION Y CONTROL
B,06,0,B434,METODOS NUMERICOS (TALLER),← →,B,99,0,B317,METODOS NUMERICOS
B,14,0,B101,CALCULO DIFERENCIAL E INTEGRAL,← →,B,06,0,B103,CALCULO DIFERENCIAL E INTEGRAL
B,14,0,B103,FISICA PARA BIOINGENIEROS,← →,B,06,0,B106,FISICA DEL MOVIMIENTO
B,14,0,B104,INGLÉS I,← →,B,06,0,B107,INGLES I
B,14,0,B106,LÓGICA Y COMUNICACIÓN,← →,B,06,0,B104,COMUNICA. Y SIST. DE INFORMACION (TALLER)
B,14,0,B107,QUÍMICA INORGÁNICA PARA BIOINGENIEROS,← →,B,06,0,B110,QUIMICA GENERAL
B,24,0,B101,BIOLOGÍA CELULAR,← →,B,06,0,B101,BIOLOGIA CELULAR
B,24,0,B103,CÁLCULO DIFERENCIAL E INTEGRAL,← →,B,06,0,B103,CALCULO DIFERENCIAL E INTEGRAL
B,24,0,B104,FÍSICA DEL MOVIMIENTO,← →,B,06,0,B106,FISICA DEL MOVIMIENTO
B,24,0,B107,QUÍMICA GENERAL,← →,B,06,0,B110,QUIMICA GENERAL
B,24,0,B108,PROGRAMACIÓN,← →,B,06,0,B109,PROGRAMACION (TALLER)
B,24,0,B109,COMUNICACIÓN PROFESIONAL,← →,B,06,0,B104,COMUNICA. Y SIST. DE INFORMACION (TALLER)
B,24,0,B203,FÍSICA DE LA ENERGÍA,← →,B,06,0,B105,FISICA DE LA ENERGIA
B,24,0,B205,LABORATORIO DE MICROBIOLOGÍA,←,B,06,0,B214,LAB. TEC. MICROBIOLOGICAS
B,24,0,B207,QUIMICA ORGÁNICA,← →,B,06,0,B215,QUIMICA ORGANICA
B,24,0,B301,ECUACIONES DIFERENCIALES,← →,B,06,0,B320,ECUACIONES DIFERENCIALES
B,24,0,B304,BIOQUÍMICA,← →,B,06,0,B322,FISIOLOGIA CELULAR
B,24,0,B306,FISICOQUÍMICA,← →,B,06,0,B327,TERMODINAMICA II
B,24,0,B307,BALANCE DE MATERIA Y ENERGÍA,← →,B,06,0,B319,BALANCE DE MATERIA Y ENERGIA
B,24,0,B401,MÉTODOS NÚMERICOS,← →,B,06,0,B434,METODOS NUMERICOS (TALLER)
B,24,0,B402,BIOLOGIA MOLECULAR,← →,B,06,0,B542,TEC.DE RECOMBINACION GENETICA
B,24,0,B403,INGENIERIA ENZIMÁTICA,← →,B,06,0,B431,INGENIERIA ENZIMATICA
B,24,0,B404,LABORATORIO DE INGENIERIA ENZIMÁTICA,←,B,06,0,B537,LAB. DE BIOCONVERSIONES
B,24,0,B405,FENÓMENOS DE TRANSPORTE,← →,B,06,0,B429,FENOMENOS DE TRANSPORTE
B,24,0,B406,MECÁNICA DE FLUÍDOS Y SÓLIDOS,← →,B,06,0,B538,MECANICA DE FLUIDOS Y SOLIDOS
B,24,0,B407,LABORATORIO DE BIOINGENIERÍA,← →,B,06,0,B324,LAB. DE BIOINGENIERIA
B,24,0,B408,INGLÉS II,← →,B,06,0,B213,INGLES II
B,24,0,B409,PLANEACIÓN ESTRATÉGICA,← →,B,06,0,B108,PLANEACION
B,24,0,B501,INMUNOLOGÍA,← →,B,06,0,B536,BIOTECNOLOGIA DE LA RESP.INMUNE
B,24,0,B502,LABORATORIO DE INGENIERÍA GENÉTICA,→,B,06,0,B432,LAB. BIOTECNOLOGIA MOLECULAR
B,24,0,B503,PROCESOS DE TRANSFERENCIA DE CALOR,← →,B,06,0,B539,PROCS. DE TRANSF.DE CALOR
B,24,0,B504,BIOSEPARACIONES MECÁNICAS,← →,B,06,0,B645,BIOSEPARACIONES MECANICAS
B,24,0,B505,INGENIERÍA DE BIORREACTORES,← →,B,06,0,B647,INGENIERIA DE BIORREACTORES
B,24,0,B508,GESTIÓN ORGANIZACIÓN Y DIRECCIÓN EMPRESARIAL,← →,B,06,0,B216,RELACIONES LABORALES
B,24,0,B601,INGENIERÍA METABÓLICA,← →,B,06,0,B648,INGENIERIA CELULAR
B,24,0,B602,BIOSEPARACIONES SÓLIDO-FLUÍDO,← →,B,06,0,B646,BIOSEPARACIONES SOLIDO-FLUIDO
B,24,0,B603,LABORATORIO DE BIORREACTORES,← →,B,06,0,B325,LAB. DE BIORREACTORES
B,24,0,B604,LABORATORIO DE BIOSEPARACIONES,← →,B,06,0,B433,LAB. DE BIOSEPARACIONES
B,24,0,B605,ANÁLISIS Y SÍNTESIS DE BIOPROCESOS,←,B,06,0,B757,SINTESIS Y ANALISIS DE BIOPROCESOS
B,24,0,B606,PROTECCIÓN AMBIENTAL Y DESARROLLO SOSTENIBLE,→,B,06,0,B540,PROTECCION AMBIENTAL
B,24,0,B701,TECNOLOGÍA Y PRODUCCIÓN DE BIOMOLÉCULAS,← →,B,06,0,B758,TEC.DE LA PROD.DE BIOMOLECULAS
B,24,0,B702,BIOSEPARACIONES FLUÍDO-FLUÍDO,← →,B,06,0,B644,BIOSEPARACIONES FLUIDO-FLUIDO
B,24,0,B703,FORMULACIÓN Y EVALUACIÓN DE PROYECTOS,← →,B,06,0,B861,FORMULACION Y EVALUACION DE PROYECTOS
B,24,0,B704,DINÁMICA Y CONTROL DE PROCESOS,← →,B,06,0,B430,DINAMICA Y CONTROL DE BIOPROCESOS
B,24,0,B705,QUALITY MANAGEMENT SYSTEM,→,B,06,0,B541,SISTEMAS DE CALIDAD
B,24,0,B801,DISEÑO DE PLANTAS,← →,B,06,0,B859,DISEÑO DE PLANTAS (TALLER)
B,24,0,B803,PROYECT MANAGEMENT,→,B,06,0,B643,ADMINISTRACION DE PROYECTOS
B,99,0,B101,BIOLOGIA,← →,B,06,0,B101,BIOLOGIA CELULAR
B,99,0,B103,FISICA,← →,B,06,0,B106,FISICA DEL MOVIMIENTO
B,99,0,B106,QUIMICA GENERAL,← →,B,06,0,B110,QUIMICA GENERAL
B,99,0,B107,TALLER DE COMUNICACION,← →,B,06,0,B104,COMUNICA. Y SIST. DE INFORMACION (TALLER)
B,99,0,B208,BIOESTADISTICA,← →,B,06,0,B212,ESTADISTICA
B,99,0,B209,ETICA,← →,B,06,0,B321,ETICA (TALLER)
B,99,0,B210,MATEMATICAS II,← →,B,06,0,B103,CALCULO DIFERENCIAL E INTEGRAL
B,99,0,B211,PROGRAMACION,← →,B,06,0,B109,PROGRAMACION (TALLER)
B,99,0,B212,QUIMICA ORGANICA,← →,B,06,0,B215,QUIMICA ORGANICA
B,99,0,B315,MATEMATICAS III,← →,B,06,0,B320,ECUACIONES DIFERENCIALES
B,99,0,B316,METOD.ANALIT. E INSTRUMENTALES,← →,B,06,0,B326,METODOS CUANTITATIVOS
B,99,0,B317,METODOS NUMERICOS,← →,B,06,0,B434,METODOS NUMERICOS (TALLER)
B,99,0,B319,TERMODINAMICA,← →,B,06,0,B217,TERMODINAMICA I
B,99,0,B421,FENOMENOS DE TRANSPORTE,← →,B,06,0,B429,FENOMENOS DE TRANSPORTE
B,99,0,B423,INTROD. A LA BIOINGENIERIA,← →,B,06,0,B319,BALANCE DE MATERIA Y ENERGIA
B,99,0,B424,MICROBIOLOGIA GENERAL,← →,B,06,0,B214,LAB. TEC. MICROBIOLOGICAS
B,99,0,B529,INSTRUMENTACION Y CONTROL,← →,B,06,0,B430,DINAMICA Y CONTROL DE BIOPROCESOS
B,06,0,B101,BIOLOGIA CELULAR,← →,F,06,0,F101,BIOLOGIA CELULAR
B,06,0,B102,BIOTECNOLOGIA Y SOCIEDAD,← →,F,06,0,F102,BIOTECNOLOGIA Y SOCIEDAD
B,06,0,B103,CALCULO DIFERENCIAL E INTEGRAL,← →,F,06,0,F103,CALCULO DIFERENCIAL E INTEGRAL
B,06,0,B104,COMUNICA. Y SIST. DE INFORMACION (TALLER),← →,F,06,0,F106,COMUNICA. Y SIST. DE INFORMACION (TALLER)
B,06,0,B107,INGLES I,← →,F,06,0,F107,INGLES I
B,06,0,B109,PROGRAMACION (TALLER),← →,F,06,0,F105,PROGRAMACION (TALLER)
B,06,0,B211,ALGEBRA VECTORIAL,← →,F,06,0,F209,ALGEBRA VECTORIAL
B,06,0,B212,ESTADISTICA,← →,F,06,0,F210,ESTADISTICA
B,06,0,B213,INGLES II,← →,F,06,0,F212,INGLES II
B,06,0,B216,RELACIONES LABORALES,← →,F,06,0,F214,RELACIONES LABORALES
B,06,0,B318,APLICACIONES MATEMATICAS (TALLER),← →,F,06,0,F316,APLICACIONES MATEMATICAS (TALLER)
B,06,0,B319,BALANCE DE MATERIA Y ENERGIA,← →,F,06,0,F318,BALANCE DE MATERIA Y ENERGIA
B,06,0,B320,ECUACIONES DIFERENCIALES,← →,F,06,0,F317,ECUACIONES DIFERENCIALES
B,06,0,B321,ETICA (TALLER),← →,F,06,0,F323,ETICA (TALLER)
B,06,0,B323,INGLES III,← →,F,06,0,F325,INGLES III
B,06,0,B324,LAB. DE BIOINGENIERIA,← →,F,06,0,F543,LAB. DE BIOINGENIERIA
B,06,0,B429,FENOMENOS DE TRANSPORTE,← →,F,06,0,F427,FENOMENOS DE TRANSPORTE
B,06,0,B433,LAB. DE BIOSEPARACIONES,← →,F,06,0,F755,LAB. DE BIOSEPARACIONES
B,06,0,B434,METODOS NUMERICOS (TALLER),← →,F,06,0,F426,METODOS NUMERICOS (TALLER)
B,06,0,B535,ADMINISTRACION DE LA PRODUCCION,← →,F,06,0,F430,ADMINISTRACION DE LA PRODUCCION
B,06,0,B538,MECANICA DE FLUIDOS Y SOLIDOS,← →,F,06,0,F544,MECANICA DE FLUIDOS Y SOLIDOS
B,06,0,B539,PROCS. DE TRANSF.DE CALOR,← →,F,06,0,F545,PROC.DE TRANS.DE CALOR
B,06,0,B541,SISTEMAS DE CALIDAD,← →,F,06,0,F320,SISTEMAS DE CALIDAD
B,06,0,B643,ADMINISTRACION DE PROYECTOS,← →,F,06,0,F538,ADMINISTRACION DE PROYECTOS
B,06,0,B644,BIOSEPARACIONES FLUIDO-FLUIDO,← →,F,06,0,F648,BIOSEPARACIONES FLUIDO-FLUIDO
B,06,0,B645,BIOSEPARACIONES MECANICAS,← →,F,06,0,F650,BIOSEPARACIONES MECANICAS
B,06,0,B646,BIOSEPARACIONES SOLIDO-FLUIDO,← →,F,06,0,F649,BIOSEPARACIONES SOLIDO-FLUIDO
B,06,0,B647,INGENIERIA DE BIORREACTORES,← →,F,06,0,F428,INGENIERIA DE BIORREACTORES
B,06,0,B754,ELECTIVA I,← →,F,06,0,F540,ELECTIVA I
B,06,0,B757,SINTESIS Y ANALISIS DE BIOPROCESOS,← →,F,06,0,F759,SINTESIS Y ANALISIS DE BIOPROCESOS
B,06,0,B859,DISEÑO DE PLANTAS (TALLER),← →,F,06,0,F860,DISEÑO DE PLANTAS (TALLER)
B,06,0,B103,CALCULO DIFERENCIAL E INTEGRAL,← →,F,14,0,F101,CALCULO DIFERENCIAL E INTEGRAL
B,06,0,B104,COMUNICA. Y SIST. DE INFORMACION (TALLER),← →,F,14,0,F106,LÓGICA Y COMUNICACIÓN
B,06,0,B106,FISICA DEL MOVIMIENTO,← →,F,14,0,F103,FISICA PARA BIOINGENIEROS
B,06,0,B106,FISICA DEL MOVIMIENTO,← →,F,14,0,F105,LABORATORIO DE FÍSICA
B,06,0,B107,INGLES I,← →,F,14,0,F104,INGLÉS I
B,06,0,B110,QUIMICA GENERAL,← →,F,14,0,F107,QUIMICA INORGÁNICA PARA BIOINGENIEROS
B,14,0,B101,CALCULO DIFERENCIAL E INTEGRAL,← →,F,06,0,F103,CALCULO DIFERENCIAL E INTEGRAL
B,14,0,B103,FISICA PARA BIOINGENIEROS,← →,F,06,0,F108,FISICA DEL MOVIMIENTO APLICADA
B,14,0,B104,INGLÉS I,← →,F,06,0,F107,INGLES I
B,14,0,B106,LÓGICA Y COMUNICACIÓN,← →,F,06,0,F106,COMUNICA. Y SIST. DE INFORMACION (TALLER)
B,14,0,B107,QUÍMICA INORGÁNICA PARA BIOINGENIEROS,← →,F,06,0,F104,QUIMICA GENERAL APLICADA
B,24,0,B101,BIOLOGÍA CELULAR,← →,F,06,0,F101,BIOLOGIA CELULAR
B,24,0,B103,CÁLCULO DIFERENCIAL E INTEGRAL,← →,F,06,0,F103,CALCULO DIFERENCIAL E INTEGRAL
B,24,0,B104,FÍSICA DEL MOVIMIENTO,← →,F,06,0,F108,FISICA DEL MOVIMIENTO APLICADA
B,24,0,B105,LABORATORIO DE FÍSICA DEL MOVIMIENTO,← →,F,06,0,F108,FISICA DEL MOVIMIENTO APLICADA
B,24,0,B106,LABORATORIO DE QUÍMICA GENERAL,← →,F,06,0,F104,QUIMICA GENERAL APLICADA
B,24,0,B107,QUÍMICA GENERAL,← →,F,06,0,F104,QUIMICA GENERAL APLICADA
B,24,0,B108,PROGRAMACIÓN,← →,F,06,0,F105,PROGRAMACION (TALLER)
B,24,0,B109,COMUNICACIÓN PROFESIONAL,← →,F,06,0,F106,COMUNICA. Y SIST. DE INFORMACION (TALLER)
B,24,0,B207,QUIMICA ORGÁNICA,← →,F,06,0,F213,QUIMICA BIOORGANICA
B,24,0,B301,ECUACIONES DIFERENCIALES,← →,F,06,0,F317,ECUACIONES DIFERENCIALES
B,24,0,B307,BALANCE DE MATERIA Y ENERGÍA,← →,F,06,0,F318,BALANCE DE MATERIA Y ENERGIA
B,24,0,B401,MÉTODOS NÚMERICOS,← →,F,06,0,F426,METODOS NUMERICOS (TALLER)
B,24,0,B405,FENÓMENOS DE TRANSPORTE,← →,F,06,0,F427,FENOMENOS DE TRANSPORTE
B,24,0,B406,MECÁNICA DE FLUÍDOS Y SÓLIDOS,← →,F,06,0,F544,MECANICA DE FLUIDOS Y SOLIDOS
B,24,0,B407,LABORATORIO DE BIOINGENIERÍA,← →,F,06,0,F543,LAB. DE BIOINGENIERIA
B,24,0,B408,INGLÉS II,← →,F,06,0,F212,INGLES II
B,24,0,B503,PROCESOS DE TRANSFERENCIA DE CALOR,← →,F,06,0,F545,PROC.DE TRANS.DE CALOR
B,24,0,B504,BIOSEPARACIONES MECÁNICAS,← →,F,06,0,F650,BIOSEPARACIONES MECANICAS
B,24,0,B505,INGENIERÍA DE BIORREACTORES,← →,F,06,0,F428,INGENIERIA DE BIORREACTORES
B,24,0,B508,GESTIÓN ORGANIZACIÓN Y DIRECCIÓN EMPRESARIAL,← →,F,06,0,F214,RELACIONES LABORALES
B,24,0,B602,BIOSEPARACIONES SÓLIDO-FLUÍDO,← →,F,06,0,F649,BIOSEPARACIONES SOLIDO-FLUIDO
B,24,0,B604,LABORATORIO DE BIOSEPARACIONES,← →,F,06,0,F755,LAB. DE BIOSEPARACIONES
B,24,0,B605,ANÁLISIS Y SÍNTESIS DE BIOPROCESOS,←,F,06,0,F759,SINTESIS Y ANALISIS DE BIOPROCESOS
B,24,0,B702,BIOSEPARACIONES FLUÍDO-FLUÍDO,← →,F,06,0,F648,BIOSEPARACIONES FLUIDO-FLUIDO
B,24,0,B705,QUALITY MANAGEMENT SYSTEM,→,F,06,0,F320,SISTEMAS DE CALIDAD
B,24,0,B801,DISEÑO DE PLANTAS,← →,F,06,0,F860,DISEÑO DE PLANTAS (TALLER)
B,24,0,B803,PROYECT MANAGEMENT,→,F,06,0,F538,ADMINISTRACION DE PROYECTOS
B,99,0,B101,BIOLOGIA,← →,F,99,0,F101,BIOLOGIA
B,99,0,B102,COMPUTACION,← →,F,99,0,F102,COMPUTACION
B,99,0,B103,FISICA,← →,F,99,0,F103,FISICA
B,99,0,B104,LAB. DE CIENCIAS BASICAS,← →,F,99,0,F104,LAB. DE CIENCIAS BASICAS
B,99,0,B105,MATEMATICAS I,← →,F,99,0,F105,MATEMATICAS I
B,99,0,B106,QUIMICA GENERAL,← →,F,99,0,F106,QUIMICA GENERAL
B,99,0,B107,TALLER DE COMUNICACION,← →,F,99,0,F107,TALLER DE COMUNICACION
B,99,0,B422,FISICOQUIMICA,← →,F,99,0,F422,FISICOQUIMICA
B,06,0,B101,BIOLOGIA CELULAR,← →,L,06,0,L101,BIOLOGIA CELULAR
B,06,0,B102,BIOTECNOLOGIA Y SOCIEDAD,← →,L,06,0,L102,BIOTECNOLOGIA Y SOCIEDAD
B,06,0,B103,CALCULO DIFERENCIAL E INTEGRAL,← →,L,06,0,L103,CALCULO DIFERENCIAL E INTEGRAL
B,06,0,B104,COMUNICA. Y SIST. DE INFORMACION (TALLER),← →,L,06,0,L104,COMUNICA. Y SIST. DE INFORMACION (TALLER)
B,06,0,B107,INGLES I,← →,L,06,0,L106,INGLES I
B,06,0,B109,PROGRAMACION (TALLER),← →,L,06,0,L107,PROGRAMACION
B,06,0,B211,ALGEBRA VECTORIAL,← →,L,06,0,L209,ALGEBRA VECTORIAL
B,06,0,B212,ESTADISTICA,← →,L,06,0,L210,ESTADISTICA
B,06,0,B213,INGLES II,← →,L,06,0,L211,INGLES II
B,06,0,B216,RELACIONES LABORALES,← →,L,06,0,L215,RELACIONES LABORALES
B,06,0,B217,TERMODINAMICA I,← →,L,06,0,L216,TERMODINAMICA I
B,06,0,B318,APLICACIONES MATEMATICAS (TALLER),← →,L,06,0,L317,APLICACIONES MATEMATICAS (TALLER)
B,06,0,B319,BALANCE DE MATERIA Y ENERGIA,← →,L,06,0,L318,BALANCE DE MATERIA Y ENERGIA
B,06,0,B320,ECUACIONES DIFERENCIALES,← →,L,06,0,L319,ECUACIONES DIFERENCIALES
B,06,0,B321,ETICA (TALLER),← →,L,06,0,L320,ETICA (TALLER)
B,06,0,B323,INGLES III,← →,L,06,0,L323,INGLES III
B,06,0,B324,LAB. DE BIOINGENIERIA,← →,L,06,0,L432,LAB. DE BIOINGENIERIA
B,06,0,B326,METODOS CUANTITATIVOS,← →,L,06,0,L212,METODOS CUANTITATIVOS
B,06,0,B327,TERMODINAMICA II,← →,L,06,0,L325,TERMODINAMICA II
B,06,0,B428,ELECTROMECANICA DE PROCESOS,← →,L,06,0,L544,ELECTROMECANICA DE PROCESOS
B,06,0,B429,FENOMENOS DE TRANSPORTE,← →,L,06,0,L429,FENOMENOS DE TRANSPORTE
B,06,0,B430,DINAMICA Y CONTROL DE BIOPROCESOS,← →,L,06,0,L542,DINAMICA Y CONTROL DE BIOPROCESOS
B,06,0,B433,LAB. DE BIOSEPARACIONES,← →,L,06,0,L658,LAB. DE BIOSEPARACIONES
B,06,0,B434,METODOS NUMERICOS (TALLER),← →,L,06,0,L433,METODOS NUMERICOS (TALLER)
B,06,0,B538,MECANICA DE FLUIDOS Y SOLIDOS,← →,L,06,0,L545,MECANICA DE FLUIDOS Y SOLIDOS
B,06,0,B539,PROCS. DE TRANSF.DE CALOR,← →,L,06,0,L547,PROCESOS DE TRANSFERENCIA DE CALOR
B,06,0,B644,BIOSEPARACIONES FLUIDO-FLUIDO,← →,L,06,0,L654,BIOSEPARACIONES FLUIDO-FLUIDO
B,06,0,B645,BIOSEPARACIONES MECANICAS,← →,L,06,0,L653,BIOSEPARACIONES MECANICAS
B,06,0,B646,BIOSEPARACIONES SOLIDO-FLUIDO,← →,L,06,0,L655,BIOSEPARACIONES SOLIDO-FLUIDO
B,06,0,B753,DISEÑO DE PROCESOS DE SEPARACION (TALLER),← →,L,06,0,L760,DISEÑO DE PROCESOS DE SEPARACION (TALLER)
B,06,0,B757,SINTESIS Y ANALISIS DE BIOPROCESOS,← →,L,06,0,L765,SINTESIS Y ANALISIS DE BIOPROCESOS
B,06,0,B859,DISEÑO DE PLANTAS (TALLER),← →,L,06,0,L759,DISEÑO DE PLANTAS (TALLER)
B,06,0,B860,ESTANCIA DE TITULACION,← →,L,06,0,L762,ESTANCIA DE TITULACION
B,06,0,B861,FORMULACION Y EVALUACION DE PROYECTOS,← →,L,06,0,L763,FORMULACION Y EVALUACION DE PROYECTOS
B,06,0,B103,CALCULO DIFERENCIAL E INTEGRAL,← →,L,14,0,L101,CALCULO DIFERENCIAL E INTEGRAL
B,06,0,B104,COMUNICA. Y SIST. DE INFORMACION (TALLER),← →,L,14,0,L106,LOGICA Y COMUNICACIÓN
B,06,0,B106,FISICA DEL MOVIMIENTO,← →,L,14,0,L103,FISICA PARA BIOINGENIEROS
B,06,0,B106,FISICA DEL MOVIMIENTO,← →,L,14,0,L105,LABORATORIO DE FISICA
B,06,0,B107,INGLES I,← →,L,14,0,L104,INGLES I
B,06,0,B110,QUIMICA GENERAL,← →,L,14,0,L107,QUÍMICA INORGÁNICA PARA BIOINGENIEROS
B,14,0,B101,CALCULO DIFERENCIAL E INTEGRAL,← →,L,06,0,L103,CALCULO DIFERENCIAL E INTEGRAL
B,14,0,B103,FISICA PARA BIOINGENIEROS,← →,L,06,0,L105,FISICA DEL MOVIMIENTO APLICADA
B,14,0,B104,INGLÉS I,← →,L,06,0,L106,INGLES I
B,14,0,B106,LÓGICA Y COMUNICACIÓN,← →,L,06,0,L104,COMUNICA. Y SIST. DE INFORMACION (TALLER)
B,14,0,B107,QUÍMICA INORGÁNICA PARA BIOINGENIEROS,← →,L,06,0,L108,QUIMICA GENERAL APLICADA
B,24,0,B103,CÁLCULO DIFERENCIAL E INTEGRAL,← →,L,06,0,L103,CALCULO DIFERENCIAL E INTEGRAL
B,24,0,B104,FÍSICA DEL MOVIMIENTO,← →,L,06,0,L105,FISICA DEL MOVIMIENTO APLICADA
B,24,0,B105,LABORATORIO DE FÍSICA DEL MOVIMIENTO,← →,L,06,0,L105,FISICA DEL MOVIMIENTO APLICADA
B,24,0,B106,LABORATORIO DE QUÍMICA GENERAL,← →,L,06,0,L108,QUIMICA GENERAL APLICADA
B,24,0,B107,QUÍMICA GENERAL,← →,L,06,0,L108,QUIMICA GENERAL APLICADA
B,24,0,B108,PROGRAMACIÓN,← →,L,06,0,L107,PROGRAMACION
B,24,0,B109,COMUNICACIÓN PROFESIONAL,← →,L,06,0,L104,COMUNICA. Y SIST. DE INFORMACION (TALLER)
B,24,0,B205,LABORATORIO DE MICROBIOLOGÍA,← →,L,06,0,L213,MICROBIOLOGIA
B,24,0,B206,MICROBIOLOGÍA,← →,L,06,0,L213,MICROBIOLOGIA
B,24,0,B207,QUIMICA ORGÁNICA,← →,L,06,0,L214,QUIMICA ORGANICA APLICADA
B,24,0,B208,TERMODINÁMICA,← →,L,06,0,L216,TERMODINAMICA I
B,24,0,B301,ECUACIONES DIFERENCIALES,← →,L,06,0,L319,ECUACIONES DIFERENCIALES
B,24,0,B306,FISICOQUÍMICA,← →,L,06,0,L325,TERMODINAMICA II
B,24,0,B307,BALANCE DE MATERIA Y ENERGÍA,← →,L,06,0,L318,BALANCE DE MATERIA Y ENERGIA
B,24,0,B401,MÉTODOS NÚMERICOS,← →,L,06,0,L433,METODOS NUMERICOS (TALLER)
B,24,0,B405,FENÓMENOS DE TRANSPORTE,← →,L,06,0,L429,FENOMENOS DE TRANSPORTE
B,24,0,B406,MECÁNICA DE FLUÍDOS Y SÓLIDOS,← →,L,06,0,L545,MECANICA DE FLUIDOS Y SOLIDOS
B,24,0,B407,LABORATORIO DE BIOINGENIERÍA,← →,L,06,0,L432,LAB. DE BIOINGENIERIA
B,24,0,B408,INGLÉS II,← →,L,06,0,L211,INGLES II
B,24,0,B503,PROCESOS DE TRANSFERENCIA DE CALOR,← →,L,06,0,L547,PROCESOS DE TRANSFERENCIA DE CALOR
B,24,0,B504,BIOSEPARACIONES MECÁNICAS,← →,L,06,0,L653,BIOSEPARACIONES MECANICAS
B,24,0,B508,GESTIÓN ORGANIZACIÓN Y DIRECCIÓN EMPRESARIAL,← →,L,06,0,L215,RELACIONES LABORALES
B,24,0,B602,BIOSEPARACIONES SÓLIDO-FLUÍDO,← →,L,06,0,L655,BIOSEPARACIONES SOLIDO-FLUIDO
B,24,0,B604,LABORATORIO DE BIOSEPARACIONES,← →,L,06,0,L658,LAB. DE BIOSEPARACIONES
B,24,0,B605,ANÁLISIS Y SÍNTESIS DE BIOPROCESOS,←,L,06,0,L765,SINTESIS Y ANALISIS DE BIOPROCESOS
B,24,0,B702,BIOSEPARACIONES FLUÍDO-FLUÍDO,← →,L,06,0,L654,BIOSEPARACIONES FLUIDO-FLUIDO
B,24,0,B703,FORMULACIÓN Y EVALUACIÓN DE PROYECTOS,← →,L,06,0,L763,FORMULACION Y EVALUACION DE PROYECTOS
B,24,0,B704,DINÁMICA Y CONTROL DE PROCESOS,← →,L,06,0,L542,DINAMICA Y CONTROL DE BIOPROCESOS
B,24,0,B801,DISEÑO DE PLANTAS,← →,L,06,0,L759,DISEÑO DE PLANTAS (TALLER)
B,99,0,B101,BIOLOGIA,← →,L,99,0,L101,BIOLOGIA
B,99,0,B102,COMPUTACION,← →,L,99,0,L102,COMPUTACION
B,99,0,B103,FISICA,← →,L,99,0,L103,FISICA
B,99,0,B104,LAB. DE CIENCIAS BASICAS,← →,L,99,0,L104,LAB. DE CIENCIAS BASICAS
B,99,0,B105,MATEMATICAS I,← →,L,99,0,L105,MATEMATICAS I
B,99,0,B106,QUIMICA GENERAL,← →,L,99,0,L106,QUIMICA GENERAL
B,99,0,B107,TALLER DE COMUNICACION,← →,L,99,0,L107,TALLER DE COMUNICACION
B,99,0,B210,MATEMATICAS II,← →,L,99,0,L210,MATEMATICAS II
B,99,0,B212,QUIMICA ORGANICA,← →,L,99,0,L212,QUIMICA ORGANICA
B,06,0,B101,BIOLOGIA CELULAR,← →,M,06,0,M101,BIOLOGIA CELULAR
B,06,0,B102,BIOTECNOLOGIA Y SOCIEDAD,← →,M,06,0,M102,BIOTECNOLOGIA Y SOCIEDAD
B,06,0,B103,CALCULO DIFERENCIAL E INTEGRAL,← →,M,06,0,M103,CALCULO DIFERENCIAL E INTEGRAL
B,06,0,B104,COMUNICA. Y SIST. DE INFORMACION (TALLER),← →,M,06,0,M104,COMUNICA. Y SIST. DE INFORMACION (TALLER)
B,06,0,B105,FISICA DE LA ENERGIA,←,M,06,0,M211,FISICA DE LA ENERGIA APLICADA
B,06,0,B107,INGLES I,← →,M,06,0,M106,INGLES I
B,06,0,B109,PROGRAMACION (TALLER),← →,M,06,0,M107,PROGRAMACION (TALLER)
B,06,0,B211,ALGEBRA VECTORIAL,← →,M,06,0,M209,ALGEBRA VECTORIAL
B,06,0,B212,ESTADISTICA,← →,M,06,0,M210,ESTADISTICA
B,06,0,B213,INGLES II,← →,M,06,0,M212,INGLES II
B,06,0,B216,RELACIONES LABORALES,← →,M,06,0,M215,RELACIONES LABORALES
B,06,0,B318,APLICACIONES MATEMATICAS (TALLER),← →,M,06,0,M317,APLICACIONES MATEMATICAS (TALLER)
B,06,0,B320,ECUACIONES DIFERENCIALES,← →,M,06,0,M319,ECUACIONES DIFERENCIALES
B,06,0,B321,ETICA (TALLER),← →,M,06,0,M321,ETICA (TALLER)
B,06,0,B323,INGLES III,← →,M,06,0,M324,INGLES III
B,06,0,B434,METODOS NUMERICOS (TALLER),← →,M,06,0,M430,METODOS NUMERICOS (TALLER)
B,06,0,B541,SISTEMAS DE CALIDAD,← →,M,06,0,M431,SISTEMAS DE CALIDAD
B,06,0,B861,FORMULACION Y EVALUACION DE PROYECTOS,← →,M,06,0,M648,FORMULACION Y EVALUACION DE PROYECTOS
B,06,0,B103,CALCULO DIFERENCIAL E INTEGRAL,← →,M,14,0,M101,CALCULO DIFERENCIAL E INTEGRAL
B,06,0,B104,COMUNICA. Y SIST. DE INFORMACION (TALLER),← →,M,14,0,M106,LOGICA Y COMUNICACION
B,06,0,B106,FISICA DEL MOVIMIENTO,← →,M,14,0,M103,FISICA PARA BIOINGENIERIOS
B,06,0,B106,FISICA DEL MOVIMIENTO,← →,M,14,0,M105,LABORATORIO DE FISICA
B,06,0,B107,INGLES I,← →,M,14,0,M104,INGLES I
B,06,0,B110,QUIMICA GENERAL,← →,M,14,0,M107,QUIMICA INORGANICA PARA BIOINGENIEROS
B,14,0,B101,CALCULO DIFERENCIAL E INTEGRAL,← →,M,06,0,M103,CALCULO DIFERENCIAL E INTEGRAL
B,14,0,B103,FISICA PARA BIOINGENIEROS,← →,M,06,0,M105,FISICA DEL MOVIMIENTO APLICADA
B,14,0,B104,INGLÉS I,← →,M,06,0,M106,INGLES I
B,14,0,B106,LÓGICA Y COMUNICACIÓN,← →,M,06,0,M104,COMUNICA. Y SIST. DE INFORMACION (TALLER)
B,14,0,B107,QUÍMICA INORGÁNICA PARA BIOINGENIEROS,← →,M,06,0,M108,QUIMICA GENERAL APLICADA
B,24,0,B101,BIOLOGÍA CELULAR,← →,M,06,0,M101,BIOLOGIA CELULAR
B,24,0,B103,CÁLCULO DIFERENCIAL E INTEGRAL,← →,M,06,0,M103,CALCULO DIFERENCIAL E INTEGRAL
B,24,0,B104,FÍSICA DEL MOVIMIENTO,← →,M,06,0,M105,FISICA DEL MOVIMIENTO APLICADA
B,24,0,B105,LABORATORIO DE FÍSICA DEL MOVIMIENTO,← →,M,06,0,M105,FISICA DEL MOVIMIENTO APLICADA
B,24,0,B106,LABORATORIO DE QUÍMICA GENERAL,← →,M,06,0,M108,QUIMICA GENERAL APLICADA
B,24,0,B107,QUÍMICA GENERAL,← →,M,06,0,M108,QUIMICA GENERAL APLICADA
B,24,0,B108,PROGRAMACIÓN,← →,M,06,0,M107,PROGRAMACION (TALLER)
B,24,0,B109,COMUNICACIÓN PROFESIONAL,← →,M,06,0,M104,COMUNICA. Y SIST. DE INFORMACION (TALLER)
B,24,0,B203,FÍSICA DE LA ENERGÍA,← →,M,06,0,M211,FISICA DE LA ENERGIA APLICADA
B,24,0,B204,LABORATORIO DE FISICA DE LA ENERGÍA,← →,M,06,0,M211,FISICA DE LA ENERGIA APLICADA
B,24,0,B207,QUIMICA ORGÁNICA,← →,M,06,0,M214,QUIMICA ORGANICA APLICADA
B,24,0,B301,ECUACIONES DIFERENCIALES,← →,M,06,0,M319,ECUACIONES DIFERENCIALES
B,24,0,B401,MÉTODOS NÚMERICOS,← →,M,06,0,M430,METODOS NUMERICOS (TALLER)
B,24,0,B408,INGLÉS II,← →,M,06,0,M212,INGLES II
B,24,0,B508,GESTIÓN ORGANIZACIÓN Y DIRECCIÓN EMPRESARIAL,← →,M,06,0,M215,RELACIONES LABORALES
B,24,0,B703,FORMULACIÓN Y EVALUACIÓN DE PROYECTOS,← →,M,06,0,M648,FORMULACION Y EVALUACION DE PROYECTOS
B,24,0,B705,QUALITY MANAGEMENT SYSTEM,→,M,06,0,M431,SISTEMAS DE CALIDAD
B,99,0,B101,BIOLOGIA,← →,M,99,0,M101,BIOLOGIA
B,99,0,B102,COMPUTACION,← →,M,99,0,M102,COMPUTACION
B,99,0,B103,FISICA,← →,M,99,0,M103,FISICA
B,99,0,B104,LAB. DE CIENCIAS BASICAS,← →,M,99,0,M104,LAB. DE CIENCIAS BASICAS
B,99,0,B105,MATEMATICAS I,← →,M,99,0,M105,MATEMATICAS I
B,99,0,B106,QUIMICA GENERAL,← →,M,99,0,M106,QUIMICA GENERAL
B,99,0,B107,TALLER DE COMUNICACION,← →,M,99,0,M107,TALLER DE COMUNICACION
F,06,0,F102,BIOTECNOLOGIA Y SOCIEDAD,← →,A,06,0,A101,BIOTECNOLOGIA Y SOCIEDAD
F,06,0,F103,CALCULO DIFERENCIAL E INTEGRAL,← →,A,06,0,A103,CALCULO DIFERENCIAL E INTEGRAL
F,06,0,F104,QUIMICA GENERAL APLICADA,← →,A,06,0,A108,QUIMICA GENERAL APLICADA
F,06,0,F105,PROGRAMACION (TALLER),← →,A,06,0,A107,PROGRAMACION (TALLER)
F,06,0,F106,COMUNICA. Y SIST. DE INFORMACION (TALLER),← →,A,06,0,A104,COMUNICA. Y SIST. DE INFORMACION (TALLER)
F,06,0,F107,INGLES I,← →,A,06,0,A106,INGLES I
F,06,0,F108,FISICA DEL MOVIMIENTO APLICADA,← →,A,06,0,A105,FISICA DEL MOVIMIENTO APLICADA
F,06,0,F209,ALGEBRA VECTORIAL,← →,A,06,0,A209,ALGEBRA VECTORIAL
F,06,0,F210,ESTADISTICA,← →,A,06,0,A211,ESTADISTICA
F,06,0,F212,INGLES II,← →,A,06,0,A213,INGLES II
F,06,0,F214,RELACIONES LABORALES,← →,A,06,0,A216,RELACIONES LABORALES
F,06,0,F215,TERMODINAMICA,← →,A,06,0,A217,TERMODINAMICA
F,06,0,F316,APLICACIONES MATEMATICAS (TALLER),← →,A,06,0,A319,APLICACIONES MATEMATICAS (TALLER)
F,06,0,F317,ECUACIONES DIFERENCIALES,← →,A,06,0,A321,ECUACIONES DIFERENCIALES
F,06,0,F318,BALANCE DE MATERIA Y ENERGIA,← →,A,06,0,A320,BALANCE DE MATERIA Y ENERGIA
F,06,0,F320,SISTEMAS DE CALIDAD,← →,A,06,0,A652,SISTEMAS DE CALIDAD
F,06,0,F323,ETICA (TALLER),← →,A,06,0,A322,ETICA (TALLER)
F,06,0,F325,INGLES III,← →,A,06,0,A318,INGLES III
F,06,0,F426,METODOS NUMERICOS (TALLER),← →,A,06,0,A433,METODOS NUMERICOS (TALLER)
F,06,0,F427,FENOMENOS DE TRANSPORTE,← →,A,06,0,A323,FENOMENOS DE TRANSPORTE
F,06,0,F543,LAB. DE BIOINGENIERIA,← →,A,06,0,A539,LAB. DE BIOINGENIERIA
F,06,0,F544,MECANICA DE FLUIDOS Y SOLIDOS,← →,A,06,0,A432,MECANICA DE FLUIDOS Y SOLIDOS
F,06,0,F545,PROC.DE TRANS.DE CALOR,← →,A,06,0,A434,PROC.DE TRANS.DE CALOR
F,06,0,F648,BIOSEPARACIONES FLUIDO-FLUIDO,← →,A,06,0,A536,BIOSEPARACIONES FLUIDO-FLUIDO
F,06,0,F649,BIOSEPARACIONES SOLIDO-FLUIDO,← →,A,06,0,A538,BIOSEPARACIONES SOLIDO-FLUIDO
F,06,0,F650,BIOSEPARACIONES MECANICAS,← →,A,06,0,A537,BIOSEPARACIONES MECANICAS
F,06,0,F755,LAB. DE BIOSEPARACIONES,← →,A,06,0,A649,LAB. DE BIOSEPARACIONES
F,06,0,F860,DISEÑO DE PLANTAS (TALLER),← →,A,06,0,A756,DISEÑO DE PLANTAS (TALLER)
F,06,0,F103,CALCULO DIFERENCIAL E INTEGRAL,← →,A,14,0,A101,CALCULO DIFERENCIAL E INTEGRAL
F,06,0,F104,QUIMICA GENERAL APLICADA,← →,A,14,0,A107,QUÍMICA INORGÁNICA PARA BIOINGENIEROS
F,06,0,F106,COMUNICA. Y SIST. DE INFORMACION (TALLER),← →,A,14,0,A106,LÓGICA Y COMUNICACIÓN
F,06,0,F107,INGLES I,← →,A,14,0,A104,INGLES I
F,06,0,F108,FISICA DEL MOVIMIENTO APLICADA,← →,A,14,0,A103,FISICA PARA BIOINGENIEROS
F,06,0,F108,FISICA DEL MOVIMIENTO APLICADA,← →,A,14,0,A105,LABORATORIO DE FÍSICA
F,14,0,F101,CALCULO DIFERENCIAL E INTEGRAL,← →,A,06,0,A103,CALCULO DIFERENCIAL E INTEGRAL
F,14,0,F103,FISICA PARA BIOINGENIEROS,← →,A,06,0,A105,FISICA DEL MOVIMIENTO APLICADA
F,14,0,F104,INGLÉS I,← →,A,06,0,A106,INGLES I
F,14,0,F105,LABORATORIO DE FÍSICA,← →,A,06,0,A105,FISICA DEL MOVIMIENTO APLICADA
F,14,0,F106,LÓGICA Y COMUNICACIÓN,← →,A,06,0,A104,COMUNICA. Y SIST. DE INFORMACION (TALLER)
F,14,0,F107,QUIMICA INORGÁNICA PARA BIOINGENIEROS,← →,A,06,0,A108,QUIMICA GENERAL APLICADA
F,99,0,F425,INTROD. A LA BIOINGENIERIA,← →,A,06,0,A320,BALANCE DE MATERIA Y ENERGIA
F,99,0,F101,BIOLOGIA,←,A,99,0,A101,BIOLOGIA
F,99,0,F102,COMPUTACION,← →,A,99,0,A102,COMPUTACION
F,99,0,F103,FISICA,← →,A,99,0,A103,FISICA
F,99,0,F104,LAB. DE CIENCIAS BASICAS,← →,A,99,0,A104,LAB. DE CIENCIAS BASICAS
F,99,0,F105,MATEMATICAS I,← →,A,99,0,A105,MATEMATICAS I
F,99,0,F106,QUIMICA GENERAL,← →,A,99,0,A106,QUIMICA GENERAL
F,99,0,F107,TALLER DE COMUNICACION,← →,A,99,0,A107,TALLER DE COMUNICACION
F,99,0,F315,MATEMATICAS III,← →,A,99,0,A316,MATEMATICAS III
F,99,0,F316,METODOS NUMERICOS,←,A,99,0,A317,METODOS NUMERICOS
F,99,0,F739,ADM. DE LA PRODUCCION,← →,A,99,0,A739,ADMON. DE LA PRODUCCION
F,06,0,F101,BIOLOGIA CELULAR,← →,B,06,0,B101,BIOLOGIA CELULAR
F,06,0,F102,BIOTECNOLOGIA Y SOCIEDAD,← →,B,06,0,B102,BIOTECNOLOGIA Y SOCIEDAD
F,06,0,F103,CALCULO DIFERENCIAL E INTEGRAL,← →,B,06,0,B103,CALCULO DIFERENCIAL E INTEGRAL
F,06,0,F105,PROGRAMACION (TALLER),← →,B,06,0,B109,PROGRAMACION (TALLER)
F,06,0,F106,COMUNICA. Y SIST. DE INFORMACION (TALLER),← →,B,06,0,B104,COMUNICA. Y SIST. DE INFORMACION (TALLER)
F,06,0,F107,INGLES I,← →,B,06,0,B107,INGLES I
F,06,0,F209,ALGEBRA VECTORIAL,← →,B,06,0,B211,ALGEBRA VECTORIAL
F,06,0,F210,ESTADISTICA,← →,B,06,0,B212,ESTADISTICA
F,06,0,F212,INGLES II,← →,B,06,0,B213,INGLES II
F,06,0,F214,RELACIONES LABORALES,← →,B,06,0,B216,RELACIONES LABORALES
F,06,0,F316,APLICACIONES MATEMATICAS (TALLER),← →,B,06,0,B318,APLICACIONES MATEMATICAS (TALLER)
F,06,0,F317,ECUACIONES DIFERENCIALES,← →,B,06,0,B320,ECUACIONES DIFERENCIALES
F,06,0,F318,BALANCE DE MATERIA Y ENERGIA,← →,B,06,0,B319,BALANCE DE MATERIA Y ENERGIA
F,06,0,F320,SISTEMAS DE CALIDAD,← →,B,06,0,B541,SISTEMAS DE CALIDAD
F,06,0,F323,ETICA (TALLER),← →,B,06,0,B321,ETICA (TALLER)
F,06,0,F325,INGLES III,← →,B,06,0,B323,INGLES III
F,06,0,F426,METODOS NUMERICOS (TALLER),← →,B,06,0,B434,METODOS NUMERICOS (TALLER)
F,06,0,F427,FENOMENOS DE TRANSPORTE,← →,B,06,0,B429,FENOMENOS DE TRANSPORTE
F,06,0,F428,INGENIERIA DE BIORREACTORES,← →,B,06,0,B647,INGENIERIA DE BIORREACTORES
F,06,0,F430,ADMINISTRACION DE LA PRODUCCION,← →,B,06,0,B535,ADMINISTRACION DE LA PRODUCCION
F,06,0,F538,ADMINISTRACION DE PROYECTOS,← →,B,06,0,B643,ADMINISTRACION DE PROYECTOS
F,06,0,F540,ELECTIVA I,← →,B,06,0,B754,ELECTIVA I
F,06,0,F543,LAB. DE BIOINGENIERIA,← →,B,06,0,B324,LAB. DE BIOINGENIERIA
F,06,0,F544,MECANICA DE FLUIDOS Y SOLIDOS,← →,B,06,0,B538,MECANICA DE FLUIDOS Y SOLIDOS
F,06,0,F545,PROC.DE TRANS.DE CALOR,← →,B,06,0,B539,PROCS. DE TRANSF.DE CALOR
F,06,0,F648,BIOSEPARACIONES FLUIDO-FLUIDO,← →,B,06,0,B644,BIOSEPARACIONES FLUIDO-FLUIDO
F,06,0,F649,BIOSEPARACIONES SOLIDO-FLUIDO,← →,B,06,0,B646,BIOSEPARACIONES SOLIDO-FLUIDO
F,06,0,F650,BIOSEPARACIONES MECANICAS,← →,B,06,0,B645,BIOSEPARACIONES MECANICAS
F,06,0,F755,LAB. DE BIOSEPARACIONES,← →,B,06,0,B433,LAB. DE BIOSEPARACIONES
F,06,0,F759,SINTESIS Y ANALISIS DE BIOPROCESOS,← →,B,06,0,B757,SINTESIS Y ANALISIS DE BIOPROCESOS
F,06,0,F860,DISEÑO DE PLANTAS (TALLER),← →,B,06,0,B859,DISEÑO DE PLANTAS (TALLER)
F,06,0,F103,CALCULO DIFERENCIAL E INTEGRAL,← →,B,14,0,B101,CALCULO DIFERENCIAL E INTEGRAL
F,06,0,F104,QUIMICA GENERAL APLICADA,← →,B,14,0,B107,QUÍMICA INORGÁNICA PARA BIOINGENIEROS
F,06,0,F106,COMUNICA. Y SIST. DE INFORMACION (TALLER),← →,B,14,0,B106,LÓGICA Y COMUNICACIÓN
F,06,0,F107,INGLES I,← →,B,14,0,B104,INGLÉS I
F,06,0,F108,FISICA DEL MOVIMIENTO APLICADA,← →,B,14,0,B103,FISICA PARA BIOINGENIEROS
F,06,0,F101,BIOLOGIA CELULAR,← →,B,24,0,B101,BIOLOGÍA CELULAR
F,06,0,F103,CALCULO DIFERENCIAL E INTEGRAL,← →,B,24,0,B103,CÁLCULO DIFERENCIAL E INTEGRAL
F,06,0,F104,QUIMICA GENERAL APLICADA,← →,B,24,0,B106,LABORATORIO DE QUÍMICA GENERAL
F,06,0,F104,QUIMICA GENERAL APLICADA,← →,B,24,0,B107,QUÍMICA GENERAL
F,06,0,F105,PROGRAMACION (TALLER),← →,B,24,0,B108,PROGRAMACIÓN
F,06,0,F106,COMUNICA. Y SIST. DE INFORMACION (TALLER),← →,B,24,0,B109,COMUNICACIÓN PROFESIONAL
F,06,0,F108,FISICA DEL MOVIMIENTO APLICADA,← →,B,24,0,B104,FÍSICA DEL MOVIMIENTO
F,06,0,F108,FISICA DEL MOVIMIENTO APLICADA,← →,B,24,0,B105,LABORATORIO DE FÍSICA DEL MOVIMIENTO
F,06,0,F212,INGLES II,← →,B,24,0,B408,INGLÉS II
F,06,0,F213,QUIMICA BIOORGANICA,← →,B,24,0,B207,QUIMICA ORGÁNICA
F,06,0,F214,RELACIONES LABORALES,← →,B,24,0,B508,GESTIÓN ORGANIZACIÓN Y DIRECCIÓN EMPRESARIAL
F,06,0,F317,ECUACIONES DIFERENCIALES,← →,B,24,0,B301,ECUACIONES DIFERENCIALES
F,06,0,F318,BALANCE DE MATERIA Y ENERGIA,← →,B,24,0,B307,BALANCE DE MATERIA Y ENERGÍA
F,06,0,F320,SISTEMAS DE CALIDAD,←,B,24,0,B705,QUALITY MANAGEMENT SYSTEM
F,06,0,F426,METODOS NUMERICOS (TALLER),← →,B,24,0,B401,MÉTODOS NÚMERICOS
F,06,0,F427,FENOMENOS DE TRANSPORTE,← →,B,24,0,B405,FENÓMENOS DE TRANSPORTE
F,06,0,F428,INGENIERIA DE BIORREACTORES,← →,B,24,0,B505,INGENIERÍA DE BIORREACTORES
F,06,0,F538,ADMINISTRACION DE PROYECTOS,←,B,24,0,B803,PROYECT MANAGEMENT
F,06,0,F543,LAB. DE BIOINGENIERIA,← →,B,24,0,B407,LABORATORIO DE BIOINGENIERÍA
F,06,0,F544,MECANICA DE FLUIDOS Y SOLIDOS,← →,B,24,0,B406,MECÁNICA DE FLUÍDOS Y SÓLIDOS
F,06,0,F545,PROC.DE TRANS.DE CALOR,← →,B,24,0,B503,PROCESOS DE TRANSFERENCIA DE CALOR
F,06,0,F648,BIOSEPARACIONES FLUIDO-FLUIDO,← →,B,24,0,B702,BIOSEPARACIONES FLUÍDO-FLUÍDO
F,06,0,F649,BIOSEPARACIONES SOLIDO-FLUIDO,← →,B,24,0,B602,BIOSEPARACIONES SÓLIDO-FLUÍDO
F,06,0,F650,BIOSEPARACIONES MECANICAS,← →,B,24,0,B504,BIOSEPARACIONES MECÁNICAS
F,06,0,F755,LAB. DE BIOSEPARACIONES,← →,B,24,0,B604,LABORATORIO DE BIOSEPARACIONES
F,06,0,F759,SINTESIS Y ANALISIS DE BIOPROCESOS,→,B,24,0,B605,ANÁLISIS Y SÍNTESIS DE BIOPROCESOS
F,06,0,F860,DISEÑO DE PLANTAS (TALLER),← →,B,24,0,B801,DISEÑO DE PLANTAS
F,14,0,F101,CALCULO DIFERENCIAL E INTEGRAL,← →,B,06,0,B103,CALCULO DIFERENCIAL E INTEGRAL
F,14,0,F103,FISICA PARA BIOINGENIEROS,← →,B,06,0,B106,FISICA DEL MOVIMIENTO
F,14,0,F104,INGLÉS I,← →,B,06,0,B107,INGLES I
F,14,0,F105,LABORATORIO DE FÍSICA,← →,B,06,0,B106,FISICA DEL MOVIMIENTO
F,14,0,F106,LÓGICA Y COMUNICACIÓN,← →,B,06,0,B104,COMUNICA. Y SIST. DE INFORMACION (TALLER)
F,14,0,F107,QUIMICA INORGÁNICA PARA BIOINGENIEROS,← →,B,06,0,B110,QUIMICA GENERAL
F,99,0,F101,BIOLOGIA,← →,B,99,0,B101,BIOLOGIA
F,99,0,F102,COMPUTACION,← →,B,99,0,B102,COMPUTACION
F,99,0,F103,FISICA,← →,B,99,0,B103,FISICA
F,99,0,F104,LAB. DE CIENCIAS BASICAS,← →,B,99,0,B104,LAB. DE CIENCIAS BASICAS
F,99,0,F105,MATEMATICAS I,← →,B,99,0,B105,MATEMATICAS I
F,99,0,F106,QUIMICA GENERAL,← →,B,99,0,B106,QUIMICA GENERAL
F,99,0,F107,TALLER DE COMUNICACION,← →,B,99,0,B107,TALLER DE COMUNICACION
F,99,0,F422,FISICOQUIMICA,← →,B,99,0,B422,FISICOQUIMICA
F,06,0,F103,CALCULO DIFERENCIAL E INTEGRAL,← →,F,14,0,F101,CALCULO DIFERENCIAL E INTEGRAL
F,06,0,F104,QUIMICA GENERAL APLICADA,← →,F,14,0,F107,QUIMICA INORGÁNICA PARA BIOINGENIEROS
F,06,0,F106,COMUNICA. Y SIST. DE INFORMACION (TALLER),← →,F,14,0,F106,LÓGICA Y COMUNICACIÓN
F,06,0,F107,INGLES I,← →,F,14,0,F104,INGLÉS I
F,06,0,F108,FISICA DEL MOVIMIENTO APLICADA,← →,F,14,0,F103,FISICA PARA BIOINGENIEROS
F,06,0,F101,BIOLOGIA CELULAR,← →,F,99,0,F101,BIOLOGIA
F,06,0,F103,CALCULO DIFERENCIAL E INTEGRAL,← →,F,99,0,F210,MATEMATICAS II
F,06,0,F104,QUIMICA GENERAL APLICADA,← →,F,99,0,F106,QUIMICA GENERAL
F,06,0,F105,PROGRAMACION (TALLER),← →,F,99,0,F211,PROGRAMACION
F,06,0,F106,COMUNICA. Y SIST. DE INFORMACION (TALLER),← →,F,99,0,F107,TALLER DE COMUNICACION
F,06,0,F108,FISICA DEL MOVIMIENTO APLICADA,← →,F,99,0,F103,FISICA
F,06,0,F210,ESTADISTICA,← →,F,99,0,F208,BIOESTADISTICA
F,06,0,F213,QUIMICA BIOORGANICA,← →,F,99,0,F212,QUIMICA ORGANICA
F,06,0,F215,TERMODINAMICA,← →,F,99,0,F319,TERMODINAMICA
F,06,0,F317,ECUACIONES DIFERENCIALES,← →,F,99,0,F315,MATEMATICAS III
F,06,0,F318,BALANCE DE MATERIA Y ENERGIA,← →,F,99,0,F425,INTROD. A LA BIOINGENIERIA
F,06,0,F319,BIOQUIMICA FARMACEUTICA,← →,F,99,0,F314,BIOQUIMICA GENERAL
F,06,0,F321,FISICOQUIMICA,← →,F,99,0,F422,FISICOQUIMICA
F,06,0,F322,QUIMICA HETEROCICLICA,← →,F,99,0,F317,QUIMICA HETEROCICLICA
F,06,0,F323,ETICA (TALLER),← →,F,99,0,F209,ETICA
F,06,0,F426,METODOS NUMERICOS (TALLER),← →,F,99,0,F316,METODOS NUMERICOS
F,06,0,F427,FENOMENOS DE TRANSPORTE,← →,F,99,0,F421,FENOMENOS DE TRANSPORTE
F,06,0,F429,ELEMENTOS PARA EL DISEÑO I,← →,F,99,0,F634,ELEMENTOS PARA EL DISEÑO I
F,06,0,F430,ADMINISTRACION DE LA PRODUCCION,← →,F,99,0,F739,ADM. DE LA PRODUCCION
F,06,0,F432,FARMACOLOGIA,← →,F,99,0,F526,FISIOFARMACOLOGIA II
F,06,0,F434,METODOS ANALITICOS E INSTRUMENTALES,← →,F,99,0,F528,METODOS ANALITICOS E INSTRUM.
F,06,0,F435,DISEÑO DE FARMACOS,← →,F,99,0,F632,DISEÑO DE FARMACOS
F,14,0,F101,CALCULO DIFERENCIAL E INTEGRAL,← →,F,06,0,F103,CALCULO DIFERENCIAL E INTEGRAL
F,14,0,F103,FISICA PARA BIOINGENIEROS,← →,F,06,0,F108,FISICA DEL MOVIMIENTO APLICADA
F,14,0,F104,INGLÉS I,← →,F,06,0,F107,INGLES I
F,14,0,F106,LÓGICA Y COMUNICACIÓN,← →,F,06,0,F106,COMUNICA. Y SIST. DE INFORMACION (TALLER)
F,14,0,F107,QUIMICA INORGÁNICA PARA BIOINGENIEROS,← →,F,06,0,F104,QUIMICA GENERAL APLICADA
F,99,0,F101,BIOLOGIA,← →,F,06,0,F101,BIOLOGIA CELULAR
F,99,0,F103,FISICA,← →,F,06,0,F108,FISICA DEL MOVIMIENTO APLICADA
F,99,0,F106,QUIMICA GENERAL,← →,F,06,0,F104,QUIMICA GENERAL APLICADA
F,99,0,F107,TALLER DE COMUNICACION,← →,F,06,0,F106,COMUNICA. Y SIST. DE INFORMACION (TALLER)
F,99,0,F208,BIOESTADISTICA,← →,F,06,0,F210,ESTADISTICA
F,99,0,F209,ETICA,← →,F,06,0,F323,ETICA (TALLER)
F,99,0,F210,MATEMATICAS II,← →,F,06,0,F103,CALCULO DIFERENCIAL E INTEGRAL
F,99,0,F211,PROGRAMACION,← →,F,06,0,F105,PROGRAMACION (TALLER)
F,99,0,F212,QUIMICA ORGANICA,← →,F,06,0,F213,QUIMICA BIOORGANICA
F,99,0,F314,BIOQUIMICA GENERAL,← →,F,06,0,F319,BIOQUIMICA FARMACEUTICA
F,99,0,F315,MATEMATICAS III,← →,F,06,0,F317,ECUACIONES DIFERENCIALES
F,99,0,F316,METODOS NUMERICOS,← →,F,06,0,F426,METODOS NUMERICOS (TALLER)
F,99,0,F317,QUIMICA HETEROCICLICA,← →,F,06,0,F322,QUIMICA HETEROCICLICA
F,99,0,F319,TERMODINAMICA,← →,F,06,0,F215,TERMODINAMICA
F,99,0,F421,FENOMENOS DE TRANSPORTE,← →,F,06,0,F427,FENOMENOS DE TRANSPORTE
F,99,0,F422,FISICOQUIMICA,← →,F,06,0,F321,FISICOQUIMICA
F,99,0,F425,INTROD. A LA BIOINGENIERIA,← →,F,06,0,F318,BALANCE DE MATERIA Y ENERGIA
F,99,0,F526,FISIOFARMACOLOGIA II,← →,F,06,0,F432,FARMACOLOGIA
F,99,0,F528,METODOS ANALITICOS E INSTRUM.,← →,F,06,0,F434,METODOS ANALITICOS E INSTRUMENTALES
F,99,0,F632,DISEÑO DE FARMACOS,← →,F,06,0,F435,DISEÑO DE FARMACOS
F,99,0,F634,ELEMENTOS PARA EL DISEÑO I,← →,F,06,0,F429,ELEMENTOS PARA EL DISEÑO I
F,99,0,F739,ADM. DE LA PRODUCCION,← →,F,06,0,F430,ADMINISTRACION DE LA PRODUCCION
F,06,0,F101,BIOLOGIA CELULAR,← →,L,06,0,L101,BIOLOGIA CELULAR
F,06,0,F102,BIOTECNOLOGIA Y SOCIEDAD,← →,L,06,0,L102,BIOTECNOLOGIA Y SOCIEDAD
F,06,0,F103,CALCULO DIFERENCIAL E INTEGRAL,← →,L,06,0,L103,CALCULO DIFERENCIAL E INTEGRAL
F,06,0,F104,QUIMICA GENERAL APLICADA,← →,L,06,0,L108,QUIMICA GENERAL APLICADA
F,06,0,F105,PROGRAMACION (TALLER),← →,L,06,0,L107,PROGRAMACION
F,06,0,F106,COMUNICA. Y SIST. DE INFORMACION (TALLER),← →,L,06,0,L104,COMUNICA. Y SIST. DE INFORMACION (TALLER)
F,06,0,F107,INGLES I,← →,L,06,0,L106,INGLES I
F,06,0,F108,FISICA DEL MOVIMIENTO APLICADA,← →,L,06,0,L105,FISICA DEL MOVIMIENTO APLICADA
F,06,0,F209,ALGEBRA VECTORIAL,← →,L,06,0,L209,ALGEBRA VECTORIAL
F,06,0,F210,ESTADISTICA,← →,L,06,0,L210,ESTADISTICA
F,06,0,F212,INGLES II,← →,L,06,0,L211,INGLES II
F,06,0,F214,RELACIONES LABORALES,← →,L,06,0,L215,RELACIONES LABORALES
F,06,0,F215,TERMODINAMICA,← →,L,06,0,L216,TERMODINAMICA I
F,06,0,F316,APLICACIONES MATEMATICAS (TALLER),← →,L,06,0,L317,APLICACIONES MATEMATICAS (TALLER)
F,06,0,F317,ECUACIONES DIFERENCIALES,← →,L,06,0,L319,ECUACIONES DIFERENCIALES
F,06,0,F318,BALANCE DE MATERIA Y ENERGIA,← →,L,06,0,L318,BALANCE DE MATERIA Y ENERGIA
F,06,0,F323,ETICA (TALLER),← →,L,06,0,L320,ETICA (TALLER)
F,06,0,F325,INGLES III,← →,L,06,0,L323,INGLES III
F,06,0,F426,METODOS NUMERICOS (TALLER),← →,L,06,0,L433,METODOS NUMERICOS (TALLER)
F,06,0,F427,FENOMENOS DE TRANSPORTE,← →,L,06,0,L429,FENOMENOS DE TRANSPORTE
F,06,0,F543,LAB. DE BIOINGENIERIA,← →,L,06,0,L432,LAB. DE BIOINGENIERIA
F,06,0,F544,MECANICA DE FLUIDOS Y SOLIDOS,← →,L,06,0,L545,MECANICA DE FLUIDOS Y SOLIDOS
F,06,0,F545,PROC.DE TRANS.DE CALOR,← →,L,06,0,L547,PROCESOS DE TRANSFERENCIA DE CALOR
F,06,0,F648,BIOSEPARACIONES FLUIDO-FLUIDO,← →,L,06,0,L654,BIOSEPARACIONES FLUIDO-FLUIDO
F,06,0,F649,BIOSEPARACIONES SOLIDO-FLUIDO,← →,L,06,0,L655,BIOSEPARACIONES SOLIDO-FLUIDO
F,06,0,F650,BIOSEPARACIONES MECANICAS,← →,L,06,0,L653,BIOSEPARACIONES MECANICAS
F,06,0,F755,LAB. DE BIOSEPARACIONES,← →,L,06,0,L658,LAB. DE BIOSEPARACIONES
F,06,0,F759,SINTESIS Y ANALISIS DE BIOPROCESOS,← →,L,06,0,L765,SINTESIS Y ANALISIS DE BIOPROCESOS
F,06,0,F860,DISEÑO DE PLANTAS (TALLER),← →,L,06,0,L759,DISEÑO DE PLANTAS (TALLER)
F,06,0,F103,CALCULO DIFERENCIAL E INTEGRAL,← →,L,14,0,L101,CALCULO DIFERENCIAL E INTEGRAL
F,06,0,F104,QUIMICA GENERAL APLICADA,← →,L,14,0,L107,QUÍMICA INORGÁNICA PARA BIOINGENIEROS
F,06,0,F106,COMUNICA. Y SIST. DE INFORMACION (TALLER),← →,L,14,0,L106,LOGICA Y COMUNICACIÓN
F,06,0,F107,INGLES I,← →,L,14,0,L104,INGLES I
F,06,0,F108,FISICA DEL MOVIMIENTO APLICADA,← →,L,14,0,L103,FISICA PARA BIOINGENIEROS
F,06,0,F108,FISICA DEL MOVIMIENTO APLICADA,← →,L,14,0,L105,LABORATORIO DE FISICA
F,14,0,F101,CALCULO DIFERENCIAL E INTEGRAL,← →,L,06,0,L103,CALCULO DIFERENCIAL E INTEGRAL
F,14,0,F103,FISICA PARA BIOINGENIEROS,← →,L,06,0,L105,FISICA DEL MOVIMIENTO APLICADA
F,14,0,F104,INGLÉS I,← →,L,06,0,L106,INGLES I
F,14,0,F105,LABORATORIO DE FÍSICA,← →,L,06,0,L105,FISICA DEL MOVIMIENTO APLICADA
F,14,0,F106,LÓGICA Y COMUNICACIÓN,← →,L,06,0,L104,COMUNICA. Y SIST. DE INFORMACION (TALLER)
F,14,0,F107,QUIMICA INORGÁNICA PARA BIOINGENIEROS,← →,L,06,0,L108,QUIMICA GENERAL APLICADA
F,99,0,F103,FISICA,← →,L,99,0,L103,FISICA
F,99,0,F104,LAB. DE CIENCIAS BASICAS,← →,L,99,0,L104,LAB. DE CIENCIAS BASICAS
F,99,0,F105,MATEMATICAS I,← →,L,99,0,L105,MATEMATICAS I
F,99,0,F106,QUIMICA GENERAL,← →,L,99,0,L106,QUIMICA GENERAL
F,99,0,F107,TALLER DE COMUNICACION,← →,L,99,0,L107,TALLER DE COMUNICACION
F,99,0,F210,MATEMATICAS II,← →,L,99,0,L210,MATEMATICAS II
F,99,0,F212,QUIMICA ORGANICA,← →,L,99,0,L212,QUIMICA ORGANICA
F,06,0,F101,BIOLOGIA CELULAR,← →,M,06,0,M101,BIOLOGIA CELULAR
F,06,0,F102,BIOTECNOLOGIA Y SOCIEDAD,← →,M,06,0,M102,BIOTECNOLOGIA Y SOCIEDAD
F,06,0,F103,CALCULO DIFERENCIAL E INTEGRAL,← →,M,06,0,M103,CALCULO DIFERENCIAL E INTEGRAL
F,06,0,F104,QUIMICA GENERAL APLICADA,← →,M,06,0,M108,QUIMICA GENERAL APLICADA
F,06,0,F105,PROGRAMACION (TALLER),← →,M,06,0,M107,PROGRAMACION (TALLER)
F,06,0,F106,COMUNICA. Y SIST. DE INFORMACION (TALLER),← →,M,06,0,M104,COMUNICA. Y SIST. DE INFORMACION (TALLER)
F,06,0,F107,INGLES I,← →,M,06,0,M106,INGLES I
F,06,0,F108,FISICA DEL MOVIMIENTO APLICADA,← →,M,06,0,M105,FISICA DEL MOVIMIENTO APLICADA
F,06,0,F209,ALGEBRA VECTORIAL,← →,M,06,0,M209,ALGEBRA VECTORIAL
F,06,0,F210,ESTADISTICA,← →,M,06,0,M210,ESTADISTICA
F,06,0,F212,INGLES II,← →,M,06,0,M212,INGLES II
F,06,0,F214,RELACIONES LABORALES,← →,M,06,0,M215,RELACIONES LABORALES
F,06,0,F316,APLICACIONES MATEMATICAS (TALLER),← →,M,06,0,M317,APLICACIONES MATEMATICAS (TALLER)
F,06,0,F317,ECUACIONES DIFERENCIALES,← →,M,06,0,M319,ECUACIONES DIFERENCIALES
F,06,0,F320,SISTEMAS DE CALIDAD,← →,M,06,0,M431,SISTEMAS DE CALIDAD
F,06,0,F323,ETICA (TALLER),← →,M,06,0,M321,ETICA (TALLER)
F,06,0,F325,INGLES III,← →,M,06,0,M324,INGLES III
F,06,0,F426,METODOS NUMERICOS (TALLER),← →,M,06,0,M430,METODOS NUMERICOS (TALLER)
F,06,0,F651,PROYECTO TERMINAL I,← →,M,06,0,M652,PROYECTO TERMINAL I
F,06,0,F758,PROYECTO TERMINAL II,← →,M,06,0,M764,PROYECTO TERMINAL II
F,06,0,F863,PROYECTO TERMINAL III,← →,M,06,0,M873,PROYECTO TERMINAL III
F,06,0,F103,CALCULO DIFERENCIAL E INTEGRAL,← →,M,14,0,M101,CALCULO DIFERENCIAL E INTEGRAL
F,06,0,F104,QUIMICA GENERAL APLICADA,← →,M,14,0,M107,QUIMICA INORGANICA PARA BIOINGENIEROS
F,06,0,F106,COMUNICA. Y SIST. DE INFORMACION (TALLER),← →,M,14,0,M106,LOGICA Y COMUNICACION
F,06,0,F107,INGLES I,← →,M,14,0,M104,INGLES I
F,06,0,F108,FISICA DEL MOVIMIENTO APLICADA,← →,M,14,0,M103,FISICA PARA BIOINGENIERIOS
F,06,0,F108,FISICA DEL MOVIMIENTO APLICADA,← →,M,14,0,M105,LABORATORIO DE FISICA
F,14,0,F101,CALCULO DIFERENCIAL E INTEGRAL,← →,M,06,0,M103,CALCULO DIFERENCIAL E INTEGRAL
F,14,0,F103,FISICA PARA BIOINGENIEROS,← →,M,06,0,M105,FISICA DEL MOVIMIENTO APLICADA
F,14,0,F104,INGLÉS I,← →,M,06,0,M106,INGLES I
F,14,0,F105,LABORATORIO DE FÍSICA,← →,M,06,0,M105,FISICA DEL MOVIMIENTO APLICADA
F,14,0,F106,LÓGICA Y COMUNICACIÓN,← →,M,06,0,M104,COMUNICA. Y SIST. DE INFORMACION (TALLER)
F,14,0,F107,QUIMICA INORGÁNICA PARA BIOINGENIEROS,← →,M,06,0,M108,QUIMICA GENERAL APLICADA
F,99,0,F101,BIOLOGIA,← →,M,99,0,M101,BIOLOGIA
F,99,0,F102,COMPUTACION,← →,M,99,0,M102,COMPUTACION
F,99,0,F103,FISICA,← →,M,99,0,M103,FISICA
F,99,0,F104,LAB. DE CIENCIAS BASICAS,← →,M,99,0,M104,LAB. DE CIENCIAS BASICAS
F,99,0,F105,MATEMATICAS I,← →,M,99,0,M105,MATEMATICAS I
F,99,0,F106,QUIMICA GENERAL,← →,M,99,0,M106,QUIMICA GENERAL
F,99,0,F107,TALLER DE COMUNICACION,← →,M,99,0,M107,TALLER DE COMUNICACION
L,06,0,L102,BIOTECNOLOGIA Y SOCIEDAD,← →,A,06,0,A101,BIOTECNOLOGIA Y SOCIEDAD
L,06,0,L103,CALCULO DIFERENCIAL E INTEGRAL,← →,A,06,0,A103,CALCULO DIFERENCIAL E INTEGRAL
L,06,0,L104,COMUNICA. Y SIST. DE INFORMACION (TALLER),← →,A,06,0,A104,COMUNICA. Y SIST. DE INFORMACION (TALLER)
L,06,0,L105,FISICA DEL MOVIMIENTO APLICADA,← →,A,06,0,A105,FISICA DEL MOVIMIENTO APLICADA
L,06,0,L106,INGLES I,← →,A,06,0,A106,INGLES I
L,06,0,L107,PROGRAMACION,← →,A,06,0,A107,PROGRAMACION (TALLER)
L,06,0,L108,QUIMICA GENERAL APLICADA,← →,A,06,0,A108,QUIMICA GENERAL APLICADA
L,06,0,L209,ALGEBRA VECTORIAL,← →,A,06,0,A209,ALGEBRA VECTORIAL
L,06,0,L210,ESTADISTICA,← →,A,06,0,A211,ESTADISTICA
L,06,0,L211,INGLES II,← →,A,06,0,A213,INGLES II
L,06,0,L212,METODOS CUANTITATIVOS,← →,A,06,0,A214,METODOS CUANTITATIVOS APLICADOS
L,06,0,L214,QUIMICA ORGANICA APLICADA,← →,A,06,0,A215,QUIMICA ORGANICA APLICADA
L,06,0,L215,RELACIONES LABORALES,← →,A,06,0,A216,RELACIONES LABORALES
L,06,0,L216,TERMODINAMICA I,← →,A,06,0,A217,TERMODINAMICA
L,06,0,L317,APLICACIONES MATEMATICAS (TALLER),← →,A,06,0,A319,APLICACIONES MATEMATICAS (TALLER)
L,06,0,L318,BALANCE DE MATERIA Y ENERGIA,← →,A,06,0,A320,BALANCE DE MATERIA Y ENERGIA
L,06,0,L319,ECUACIONES DIFERENCIALES,← →,A,06,0,A321,ECUACIONES DIFERENCIALES
L,06,0,L320,ETICA (TALLER),← →,A,06,0,A322,ETICA (TALLER)
L,06,0,L323,INGLES III,← →,A,06,0,A318,INGLES III
L,06,0,L429,FENOMENOS DE TRANSPORTE,← →,A,06,0,A323,FENOMENOS DE TRANSPORTE
L,06,0,L432,LAB. DE BIOINGENIERIA,← →,A,06,0,A539,LAB. DE BIOINGENIERIA
L,06,0,L433,METODOS NUMERICOS (TALLER),← →,A,06,0,A433,METODOS NUMERICOS (TALLER)
L,06,0,L545,MECANICA DE FLUIDOS Y SOLIDOS,← →,A,06,0,A432,MECANICA DE FLUIDOS Y SOLIDOS
L,06,0,L547,PROCESOS DE TRANSFERENCIA DE CALOR,← →,A,06,0,A434,PROC.DE TRANS.DE CALOR
L,06,0,L653,BIOSEPARACIONES MECANICAS,← →,A,06,0,A537,BIOSEPARACIONES MECANICAS
L,06,0,L654,BIOSEPARACIONES FLUIDO-FLUIDO,← →,A,06,0,A536,BIOSEPARACIONES FLUIDO-FLUIDO
L,06,0,L655,BIOSEPARACIONES SOLIDO-FLUIDO,← →,A,06,0,A538,BIOSEPARACIONES SOLIDO-FLUIDO
L,06,0,L658,LAB. DE BIOSEPARACIONES,← →,A,06,0,A649,LAB. DE BIOSEPARACIONES
L,06,0,L759,DISEÑO DE PLANTAS (TALLER),← →,A,06,0,A756,DISEÑO DE PLANTAS (TALLER)
L,06,0,L762,ESTANCIA DE TITULACION,← →,A,06,0,A863,ESTANCIA DE TITULACION
L,06,0,L763,FORMULACION Y EVALUACION DE PROYECTOS,← →,A,06,0,A647,FOR.Y EVAL.DE PROYECTOS
L,06,0,L103,CALCULO DIFERENCIAL E INTEGRAL,← →,A,14,0,A101,CALCULO DIFERENCIAL E INTEGRAL
L,06,0,L104,COMUNICA. Y SIST. DE INFORMACION (TALLER),← →,A,14,0,A106,LÓGICA Y COMUNICACIÓN
L,06,0,L105,FISICA DEL MOVIMIENTO APLICADA,← →,A,14,0,A103,FISICA PARA BIOINGENIEROS
L,06,0,L105,FISICA DEL MOVIMIENTO APLICADA,← →,A,14,0,A105,LABORATORIO DE FÍSICA
L,06,0,L106,INGLES I,← →,A,14,0,A104,INGLES I
L,06,0,L108,QUIMICA GENERAL APLICADA,← →,A,14,0,A107,QUÍMICA INORGÁNICA PARA BIOINGENIEROS
L,14,0,L101,CALCULO DIFERENCIAL E INTEGRAL,← →,A,06,0,A103,CALCULO DIFERENCIAL E INTEGRAL
L,14,0,L103,FISICA PARA BIOINGENIEROS,← →,A,06,0,A105,FISICA DEL MOVIMIENTO APLICADA
L,14,0,L104,INGLES I,← →,A,06,0,A106,INGLES I
L,14,0,L105,LABORATORIO DE FISICA,← →,A,06,0,A105,FISICA DEL MOVIMIENTO APLICADA
L,14,0,L106,LOGICA Y COMUNICACIÓN,← →,A,06,0,A104,COMUNICA. Y SIST. DE INFORMACION (TALLER)
L,14,0,L107,QUÍMICA INORGÁNICA PARA BIOINGENIEROS,← →,A,06,0,A108,QUIMICA GENERAL APLICADA
L,99,0,L101,BIOLOGIA,← →,A,99,0,A101,BIOLOGIA
L,99,0,L102,COMPUTACION,← →,A,99,0,A102,COMPUTACION
L,99,0,L103,FISICA,← →,A,99,0,A103,FISICA
L,99,0,L104,LAB. DE CIENCIAS BASICAS,← →,A,99,0,A104,LAB. DE CIENCIAS BASICAS
L,99,0,L105,MATEMATICAS I,← →,A,99,0,A105,MATEMATICAS I
L,99,0,L106,QUIMICA GENERAL,← →,A,99,0,A106,QUIMICA GENERAL
L,99,0,L107,TALLER DE COMUNICACION,← →,A,99,0,A107,TALLER DE COMUNICACION
L,99,0,L210,MATEMATICAS II,← →,A,99,0,A210,MATEMATICAS II
L,99,0,L212,QUIMICA ORGANICA,← →,A,99,0,A213,QUIMICA ORGANICA
L,99,0,L315,MATEMATICAS III,← →,A,99,0,A316,MATEMATICAS III
L,99,0,L316,METODOS NUMERICOS,←,A,99,0,A317,METODOS NUMERICOS
L,06,0,L101,BIOLOGIA CELULAR,← →,B,06,0,B101,BIOLOGIA CELULAR
L,06,0,L102,BIOTECNOLOGIA Y SOCIEDAD,← →,B,06,0,B102,BIOTECNOLOGIA Y SOCIEDAD
L,06,0,L103,CALCULO DIFERENCIAL E INTEGRAL,← →,B,06,0,B103,CALCULO DIFERENCIAL E INTEGRAL
L,06,0,L104,COMUNICA. Y SIST. DE INFORMACION (TALLER),← →,B,06,0,B104,COMUNICA. Y SIST. DE INFORMACION (TALLER)
L,06,0,L106,INGLES I,← →,B,06,0,B107,INGLES I
L,06,0,L107,PROGRAMACION,← →,B,06,0,B109,PROGRAMACION (TALLER)
L,06,0,L209,ALGEBRA VECTORIAL,← →,B,06,0,B211,ALGEBRA VECTORIAL
L,06,0,L210,ESTADISTICA,← →,B,06,0,B212,ESTADISTICA
L,06,0,L211,INGLES II,← →,B,06,0,B213,INGLES II
L,06,0,L212,METODOS CUANTITATIVOS,← →,B,06,0,B326,METODOS CUANTITATIVOS
L,06,0,L215,RELACIONES LABORALES,← →,B,06,0,B216,RELACIONES LABORALES
L,06,0,L216,TERMODINAMICA I,← →,B,06,0,B217,TERMODINAMICA I
L,06,0,L317,APLICACIONES MATEMATICAS (TALLER),← →,B,06,0,B318,APLICACIONES MATEMATICAS (TALLER)
L,06,0,L318,BALANCE DE MATERIA Y ENERGIA,← →,B,06,0,B319,BALANCE DE MATERIA Y ENERGIA
L,06,0,L319,ECUACIONES DIFERENCIALES,← →,B,06,0,B320,ECUACIONES DIFERENCIALES
L,06,0,L320,ETICA (TALLER),← →,B,06,0,B321,ETICA (TALLER)
L,06,0,L323,INGLES III,← →,B,06,0,B323,INGLES III
L,06,0,L325,TERMODINAMICA II,← →,B,06,0,B327,TERMODINAMICA II
L,06,0,L429,FENOMENOS DE TRANSPORTE,← →,B,06,0,B429,FENOMENOS DE TRANSPORTE
L,06,0,L432,LAB. DE BIOINGENIERIA,← →,B,06,0,B324,LAB. DE BIOINGENIERIA
L,06,0,L433,METODOS NUMERICOS (TALLER),← →,B,06,0,B434,METODOS NUMERICOS (TALLER)
L,06,0,L542,DINAMICA Y CONTROL DE BIOPROCESOS,← →,B,06,0,B430,DINAMICA Y CONTROL DE BIOPROCESOS
L,06,0,L544,ELECTROMECANICA DE PROCESOS,← →,B,06,0,B428,ELECTROMECANICA DE PROCESOS
L,06,0,L545,MECANICA DE FLUIDOS Y SOLIDOS,← →,B,06,0,B538,MECANICA DE FLUIDOS Y SOLIDOS
L,06,0,L547,PROCESOS DE TRANSFERENCIA DE CALOR,← →,B,06,0,B539,PROCS. DE TRANSF.DE CALOR
L,06,0,L653,BIOSEPARACIONES MECANICAS,← →,B,06,0,B645,BIOSEPARACIONES MECANICAS
L,06,0,L654,BIOSEPARACIONES FLUIDO-FLUIDO,← →,B,06,0,B644,BIOSEPARACIONES FLUIDO-FLUIDO
L,06,0,L655,BIOSEPARACIONES SOLIDO-FLUIDO,← →,B,06,0,B646,BIOSEPARACIONES SOLIDO-FLUIDO
L,06,0,L658,LAB. DE BIOSEPARACIONES,← →,B,06,0,B433,LAB. DE BIOSEPARACIONES
L,06,0,L759,DISEÑO DE PLANTAS (TALLER),← →,B,06,0,B859,DISEÑO DE PLANTAS (TALLER)
L,06,0,L760,DISEÑO DE PROCESOS DE SEPARACION (TALLER),← →,B,06,0,B753,DISEÑO DE PROCESOS DE SEPARACION (TALLER)
L,06,0,L762,ESTANCIA DE TITULACION,← →,B,06,0,B860,ESTANCIA DE TITULACION
L,06,0,L763,FORMULACION Y EVALUACION DE PROYECTOS,← →,B,06,0,B861,FORMULACION Y EVALUACION DE PROYECTOS
L,06,0,L765,SINTESIS Y ANALISIS DE BIOPROCESOS,← →,B,06,0,B757,SINTESIS Y ANALISIS DE BIOPROCESOS
L,06,0,L103,CALCULO DIFERENCIAL E INTEGRAL,← →,B,14,0,B101,CALCULO DIFERENCIAL E INTEGRAL
L,06,0,L104,COMUNICA. Y SIST. DE INFORMACION (TALLER),← →,B,14,0,B106,LÓGICA Y COMUNICACIÓN
L,06,0,L105,FISICA DEL MOVIMIENTO APLICADA,← →,B,14,0,B103,FISICA PARA BIOINGENIEROS
L,06,0,L106,INGLES I,← →,B,14,0,B104,INGLÉS I
L,06,0,L108,QUIMICA GENERAL APLICADA,← →,B,14,0,B107,QUÍMICA INORGÁNICA PARA BIOINGENIEROS
L,06,0,L103,CALCULO DIFERENCIAL E INTEGRAL,← →,B,24,0,B103,CÁLCULO DIFERENCIAL E INTEGRAL
L,06,0,L104,COMUNICA. Y SIST. DE INFORMACION (TALLER),← →,B,24,0,B109,COMUNICACIÓN PROFESIONAL
L,06,0,L105,FISICA DEL MOVIMIENTO APLICADA,← →,B,24,0,B104,FÍSICA DEL MOVIMIENTO
L,06,0,L105,FISICA DEL MOVIMIENTO APLICADA,← →,B,24,0,B105,LABORATORIO DE FÍSICA DEL MOVIMIENTO
L,06,0,L107,PROGRAMACION,← →,B,24,0,B108,PROGRAMACIÓN
L,06,0,L108,QUIMICA GENERAL APLICADA,← →,B,24,0,B106,LABORATORIO DE QUÍMICA GENERAL
L,06,0,L108,QUIMICA GENERAL APLICADA,← →,B,24,0,B107,QUÍMICA GENERAL
L,06,0,L211,INGLES II,← →,B,24,0,B408,INGLÉS II
L,06,0,L213,MICROBIOLOGIA,← →,B,24,0,B205,LABORATORIO DE MICROBIOLOGÍA
L,06,0,L213,MICROBIOLOGIA,← →,B,24,0,B206,MICROBIOLOGÍA
L,06,0,L214,QUIMICA ORGANICA APLICADA,← →,B,24,0,B207,QUIMICA ORGÁNICA
L,06,0,L215,RELACIONES LABORALES,← →,B,24,0,B508,GESTIÓN ORGANIZACIÓN Y DIRECCIÓN EMPRESARIAL
L,06,0,L216,TERMODINAMICA I,← →,B,24,0,B208,TERMODINÁMICA
L,06,0,L318,BALANCE DE MATERIA Y ENERGIA,← →,B,24,0,B307,BALANCE DE MATERIA Y ENERGÍA
L,06,0,L319,ECUACIONES DIFERENCIALES,← →,B,24,0,B301,ECUACIONES DIFERENCIALES
L,06,0,L325,TERMODINAMICA II,← →,B,24,0,B306,FISICOQUÍMICA
L,06,0,L429,FENOMENOS DE TRANSPORTE,← →,B,24,0,B405,FENÓMENOS DE TRANSPORTE
L,06,0,L432,LAB. DE BIOINGENIERIA,← →,B,24,0,B407,LABORATORIO DE BIOINGENIERÍA
L,06,0,L433,METODOS NUMERICOS (TALLER),← →,B,24,0,B401,MÉTODOS NÚMERICOS
L,06,0,L542,DINAMICA Y CONTROL DE BIOPROCESOS,← →,B,24,0,B704,DINÁMICA Y CONTROL DE PROCESOS
L,06,0,L545,MECANICA DE FLUIDOS Y SOLIDOS,← →,B,24,0,B406,MECÁNICA DE FLUÍDOS Y SÓLIDOS
L,06,0,L547,PROCESOS DE TRANSFERENCIA DE CALOR,← →,B,24,0,B503,PROCESOS DE TRANSFERENCIA DE CALOR
L,06,0,L653,BIOSEPARACIONES MECANICAS,← →,B,24,0,B504,BIOSEPARACIONES MECÁNICAS
L,06,0,L654,BIOSEPARACIONES FLUIDO-FLUIDO,← →,B,24,0,B702,BIOSEPARACIONES FLUÍDO-FLUÍDO
L,06,0,L655,BIOSEPARACIONES SOLIDO-FLUIDO,← →,B,24,0,B602,BIOSEPARACIONES SÓLIDO-FLUÍDO
L,06,0,L658,LAB. DE BIOSEPARACIONES,← →,B,24,0,B604,LABORATORIO DE BIOSEPARACIONES
L,06,0,L759,DISEÑO DE PLANTAS (TALLER),← →,B,24,0,B801,DISEÑO DE PLANTAS
L,06,0,L763,FORMULACION Y EVALUACION DE PROYECTOS,← →,B,24,0,B703,FORMULACIÓN Y EVALUACIÓN DE PROYECTOS
L,06,0,L765,SINTESIS Y ANALISIS DE BIOPROCESOS,→,B,24,0,B605,ANÁLISIS Y SÍNTESIS DE BIOPROCESOS
L,14,0,L101,CALCULO DIFERENCIAL E INTEGRAL,← →,B,06,0,B103,CALCULO DIFERENCIAL E INTEGRAL
L,14,0,L103,FISICA PARA BIOINGENIEROS,← →,B,06,0,B106,FISICA DEL MOVIMIENTO
L,14,0,L104,INGLES I,← →,B,06,0,B107,INGLES I
L,14,0,L105,LABORATORIO DE FISICA,← →,B,06,0,B106,FISICA DEL MOVIMIENTO
L,14,0,L106,LOGICA Y COMUNICACIÓN,← →,B,06,0,B104,COMUNICA. Y SIST. DE INFORMACION (TALLER)
L,14,0,L107,QUÍMICA INORGÁNICA PARA BIOINGENIEROS,← →,B,06,0,B110,QUIMICA GENERAL
L,99,0,L101,BIOLOGIA,← →,B,99,0,B101,BIOLOGIA
L,99,0,L102,COMPUTACION,← →,B,99,0,B102,COMPUTACION
L,99,0,L103,FISICA,← →,B,99,0,B103,FISICA
L,99,0,L104,LAB. DE CIENCIAS BASICAS,← →,B,99,0,B104,LAB. DE CIENCIAS BASICAS
L,99,0,L105,MATEMATICAS I,← →,B,99,0,B105,MATEMATICAS I
L,99,0,L106,QUIMICA GENERAL,← →,B,99,0,B106,QUIMICA GENERAL
L,99,0,L107,TALLER DE COMUNICACION,← →,B,99,0,B107,TALLER DE COMUNICACION
L,99,0,L210,MATEMATICAS II,← →,B,99,0,B210,MATEMATICAS II
L,99,0,L212,QUIMICA ORGANICA,← →,B,99,0,B212,QUIMICA ORGANICA
L,06,0,L101,BIOLOGIA CELULAR,← →,F,06,0,F101,BIOLOGIA CELULAR
L,06,0,L102,BIOTECNOLOGIA Y SOCIEDAD,← →,F,06,0,F102,BIOTECNOLOGIA Y SOCIEDAD
L,06,0,L103,CALCULO DIFERENCIAL E INTEGRAL,← →,F,06,0,F103,CALCULO DIFERENCIAL E INTEGRAL
L,06,0,L104,COMUNICA. Y SIST. DE INFORMACION (TALLER),← →,F,06,0,F106,COMUNICA. Y SIST. DE INFORMACION (TALLER)
L,06,0,L105,FISICA DEL MOVIMIENTO APLICADA,← →,F,06,0,F108,FISICA DEL MOVIMIENTO APLICADA
L,06,0,L106,INGLES I,← →,F,06,0,F107,INGLES I
L,06,0,L107,PROGRAMACION,← →,F,06,0,F105,PROGRAMACION (TALLER)
L,06,0,L108,QUIMICA GENERAL APLICADA,← →,F,06,0,F104,QUIMICA GENERAL APLICADA
L,06,0,L209,ALGEBRA VECTORIAL,← →,F,06,0,F209,ALGEBRA VECTORIAL
L,06,0,L210,ESTADISTICA,← →,F,06,0,F210,ESTADISTICA
L,06,0,L211,INGLES II,← →,F,06,0,F212,INGLES II
L,06,0,L215,RELACIONES LABORALES,← →,F,06,0,F214,RELACIONES LABORALES
L,06,0,L216,TERMODINAMICA I,← →,F,06,0,F215,TERMODINAMICA
L,06,0,L317,APLICACIONES MATEMATICAS (TALLER),← →,F,06,0,F316,APLICACIONES MATEMATICAS (TALLER)
L,06,0,L318,BALANCE DE MATERIA Y ENERGIA,← →,F,06,0,F318,BALANCE DE MATERIA Y ENERGIA
L,06,0,L319,ECUACIONES DIFERENCIALES,← →,F,06,0,F317,ECUACIONES DIFERENCIALES
L,06,0,L320,ETICA (TALLER),← →,F,06,0,F323,ETICA (TALLER)
L,06,0,L323,INGLES III,← →,F,06,0,F325,INGLES III
L,06,0,L429,FENOMENOS DE TRANSPORTE,← →,F,06,0,F427,FENOMENOS DE TRANSPORTE
L,06,0,L432,LAB. DE BIOINGENIERIA,← →,F,06,0,F543,LAB. DE BIOINGENIERIA
L,06,0,L433,METODOS NUMERICOS (TALLER),← →,F,06,0,F426,METODOS NUMERICOS (TALLER)
L,06,0,L545,MECANICA DE FLUIDOS Y SOLIDOS,← →,F,06,0,F544,MECANICA DE FLUIDOS Y SOLIDOS
L,06,0,L547,PROCESOS DE TRANSFERENCIA DE CALOR,← →,F,06,0,F545,PROC.DE TRANS.DE CALOR
L,06,0,L653,BIOSEPARACIONES MECANICAS,← →,F,06,0,F650,BIOSEPARACIONES MECANICAS
L,06,0,L654,BIOSEPARACIONES FLUIDO-FLUIDO,← →,F,06,0,F648,BIOSEPARACIONES FLUIDO-FLUIDO
L,06,0,L655,BIOSEPARACIONES SOLIDO-FLUIDO,← →,F,06,0,F649,BIOSEPARACIONES SOLIDO-FLUIDO
L,06,0,L658,LAB. DE BIOSEPARACIONES,← →,F,06,0,F755,LAB. DE BIOSEPARACIONES
L,06,0,L759,DISEÑO DE PLANTAS (TALLER),← →,F,06,0,F860,DISEÑO DE PLANTAS (TALLER)
L,06,0,L765,SINTESIS Y ANALISIS DE BIOPROCESOS,← →,F,06,0,F759,SINTESIS Y ANALISIS DE BIOPROCESOS
L,06,0,L103,CALCULO DIFERENCIAL E INTEGRAL,← →,F,14,0,F101,CALCULO DIFERENCIAL E INTEGRAL
L,06,0,L104,COMUNICA. Y SIST. DE INFORMACION (TALLER),← →,F,14,0,F106,LÓGICA Y COMUNICACIÓN
L,06,0,L105,FISICA DEL MOVIMIENTO APLICADA,← →,F,14,0,F103,FISICA PARA BIOINGENIEROS
L,06,0,L105,FISICA DEL MOVIMIENTO APLICADA,← →,F,14,0,F105,LABORATORIO DE FÍSICA
L,06,0,L106,INGLES I,← →,F,14,0,F104,INGLÉS I
L,06,0,L108,QUIMICA GENERAL APLICADA,← →,F,14,0,F107,QUIMICA INORGÁNICA PARA BIOINGENIEROS
L,14,0,L101,CALCULO DIFERENCIAL E INTEGRAL,← →,F,06,0,F103,CALCULO DIFERENCIAL E INTEGRAL
L,14,0,L103,FISICA PARA BIOINGENIEROS,← →,F,06,0,F108,FISICA DEL MOVIMIENTO APLICADA
L,14,0,L104,INGLES I,← →,F,06,0,F107,INGLES I
L,14,0,L105,LABORATORIO DE FISICA,← →,F,06,0,F108,FISICA DEL MOVIMIENTO APLICADA
L,14,0,L106,LOGICA Y COMUNICACIÓN,← →,F,06,0,F106,COMUNICA. Y SIST. DE INFORMACION (TALLER)
L,14,0,L107,QUÍMICA INORGÁNICA PARA BIOINGENIEROS,← →,F,06,0,F104,QUIMICA GENERAL APLICADA
L,99,0,L103,FISICA,← →,F,99,0,F103,FISICA
L,99,0,L104,LAB. DE CIENCIAS BASICAS,← →,F,99,0,F104,LAB. DE CIENCIAS BASICAS
L,99,0,L105,MATEMATICAS I,← →,F,99,0,F105,MATEMATICAS I
L,99,0,L106,QUIMICA GENERAL,← →,F,99,0,F106,QUIMICA GENERAL
L,99,0,L107,TALLER DE COMUNICACION,← →,F,99,0,F107,TALLER DE COMUNICACION
L,99,0,L210,MATEMATICAS II,← →,F,99,0,F210,MATEMATICAS II
L,99,0,L212,QUIMICA ORGANICA,← →,F,99,0,F212,QUIMICA ORGANICA
L,06,0,L103,CALCULO DIFERENCIAL E INTEGRAL,← →,L,14,0,L101,CALCULO DIFERENCIAL E INTEGRAL
L,06,0,L104,COMUNICA. Y SIST. DE INFORMACION (TALLER),← →,L,14,0,L106,LOGICA Y COMUNICACIÓN
L,06,0,L105,FISICA DEL MOVIMIENTO APLICADA,← →,L,14,0,L105,LABORATORIO DE FISICA
L,06,0,L106,INGLES I,← →,L,14,0,L104,INGLES I
L,06,0,L108,QUIMICA GENERAL APLICADA,← →,L,14,0,L107,QUÍMICA INORGÁNICA PARA BIOINGENIEROS
L,06,0,L101,BIOLOGIA CELULAR,← →,L,99,0,L101,BIOLOGIA
L,06,0,L103,CALCULO DIFERENCIAL E INTEGRAL,← →,L,99,0,L210,MATEMATICAS II
L,06,0,L104,COMUNICA. Y SIST. DE INFORMACION (TALLER),← →,L,99,0,L107,TALLER DE COMUNICACION
L,06,0,L105,FISICA DEL MOVIMIENTO APLICADA,← →,L,99,0,L103,FISICA
L,06,0,L107,PROGRAMACION,← →,L,99,0,L211,PROGRAMACION
L,06,0,L108,QUIMICA GENERAL APLICADA,← →,L,99,0,L106,QUIMICA GENERAL
L,06,0,L210,ESTADISTICA,← →,L,99,0,L208,BIOESTADISTICA
L,06,0,L212,METODOS CUANTITATIVOS,← →,L,99,0,L424,METOD.ANALIT.E INSTRUMENTALES
L,06,0,L213,MICROBIOLOGIA,← →,L,99,0,L530,MICROBIOLOGIA GENERAL
L,06,0,L214,QUIMICA ORGANICA APLICADA,← →,L,99,0,L212,QUIMICA ORGANICA
L,06,0,L216,TERMODINAMICA I,← →,L,99,0,L319,TERMODINAMICA
L,06,0,L318,BALANCE DE MATERIA Y ENERGIA,← →,L,99,0,L423,INTROD. A LA BIOINGENIERIA
L,06,0,L319,ECUACIONES DIFERENCIALES,← →,L,99,0,L315,MATEMATICAS III
L,06,0,L320,ETICA (TALLER),← →,L,99,0,L209,ETICA
L,06,0,L321,FISICOQUIMICA DE ALIMENTOS,← →,L,99,0,L421,FISICOQUIMICA DE ALIMENTOS
L,06,0,L324,QUIMICA Y FUNC.DE LOS ALIMENTOS,← →,L,99,0,L317,QUIMICA Y FUNCIONAL. DE ALIM.
L,06,0,L426,CIENCIA Y TECNOLOGIA DE ALIMENTOS I,← →,L,99,0,L526,CIENCIA Y TEC. DE ALIMENTOS I
L,06,0,L429,FENOMENOS DE TRANSPORTE,← →,L,99,0,L420,FENOMENOS DE TRANSPORTE
L,06,0,L430,FISIOLOGIA DE LA NUTRICION,← →,L,99,0,L422,FISIOLOGIA DE LA NUTRICION
L,06,0,L433,METODOS NUMERICOS (TALLER),← →,L,99,0,L316,METODOS NUMERICOS
L,06,0,L652,BIOTECNOLOGIA ALIMENTARIA,← →,L,99,0,L738,BIOTECNOLOGIA ALIMENTARIA
L,14,0,L101,CALCULO DIFERENCIAL E INTEGRAL,← →,L,06,0,L103,CALCULO DIFERENCIAL E INTEGRAL
L,14,0,L104,INGLES I,← →,L,06,0,L106,INGLES I
L,14,0,L105,LABORATORIO DE FISICA,← →,L,06,0,L105,FISICA DEL MOVIMIENTO APLICADA
L,14,0,L106,LOGICA Y COMUNICACIÓN,← →,L,06,0,L104,COMUNICA. Y SIST. DE INFORMACION (TALLER)
L,14,0,L107,QUÍMICA INORGÁNICA PARA BIOINGENIEROS,← →,L,06,0,L108,QUIMICA GENERAL APLICADA
L,99,0,L101,BIOLOGIA,← →,L,06,0,L101,BIOLOGIA CELULAR
L,99,0,L103,FISICA,← →,L,06,0,L105,FISICA DEL MOVIMIENTO APLICADA
L,99,0,L106,QUIMICA GENERAL,← →,L,06,0,L108,QUIMICA GENERAL APLICADA
L,99,0,L107,TALLER DE COMUNICACION,← →,L,06,0,L104,COMUNICA. Y SIST. DE INFORMACION (TALLER)
L,99,0,L208,BIOESTADISTICA,← →,L,06,0,L210,ESTADISTICA
L,99,0,L209,ETICA,← →,L,06,0,L320,ETICA (TALLER)
L,99,0,L210,MATEMATICAS II,← →,L,06,0,L103,CALCULO DIFERENCIAL E INTEGRAL
L,99,0,L211,PROGRAMACION,← →,L,06,0,L107,PROGRAMACION
L,99,0,L212,QUIMICA ORGANICA,← →,L,06,0,L214,QUIMICA ORGANICA APLICADA
L,99,0,L315,MATEMATICAS III,← →,L,06,0,L319,ECUACIONES DIFERENCIALES
L,99,0,L316,METODOS NUMERICOS,← →,L,06,0,L433,METODOS NUMERICOS (TALLER)
L,99,0,L317,QUIMICA Y FUNCIONAL. DE ALIM.,← →,L,06,0,L324,QUIMICA Y FUNC.DE LOS ALIMENTOS
L,99,0,L319,TERMODINAMICA,← →,L,06,0,L216,TERMODINAMICA I
L,99,0,L420,FENOMENOS DE TRANSPORTE,← →,L,06,0,L429,FENOMENOS DE TRANSPORTE
L,99,0,L421,FISICOQUIMICA DE ALIMENTOS,← →,L,06,0,L321,FISICOQUIMICA DE ALIMENTOS
L,99,0,L422,FISIOLOGIA DE LA NUTRICION,← →,L,06,0,L430,FISIOLOGIA DE LA NUTRICION
L,99,0,L423,INTROD. A LA BIOINGENIERIA,← →,L,06,0,L318,BALANCE DE MATERIA Y ENERGIA
L,99,0,L424,METOD.ANALIT.E INSTRUMENTALES,← →,L,06,0,L212,METODOS CUANTITATIVOS
L,99,0,L526,CIENCIA Y TEC. DE ALIMENTOS I,← →,L,06,0,L426,CIENCIA Y TECNOLOGIA DE ALIMENTOS I
L,99,0,L530,MICROBIOLOGIA GENERAL,← →,L,06,0,L213,MICROBIOLOGIA
L,99,0,L738,BIOTECNOLOGIA ALIMENTARIA,← →,L,06,0,L652,BIOTECNOLOGIA ALIMENTARIA
L,06,0,L101,BIOLOGIA CELULAR,← →,M,06,0,M101,BIOLOGIA CELULAR
L,06,0,L102,BIOTECNOLOGIA Y SOCIEDAD,← →,M,06,0,M102,BIOTECNOLOGIA Y SOCIEDAD
L,06,0,L103,CALCULO DIFERENCIAL E INTEGRAL,← →,M,06,0,M103,CALCULO DIFERENCIAL E INTEGRAL
L,06,0,L104,COMUNICA. Y SIST. DE INFORMACION (TALLER),← →,M,06,0,M104,COMUNICA. Y SIST. DE INFORMACION (TALLER)
L,06,0,L105,FISICA DEL MOVIMIENTO APLICADA,← →,M,06,0,M105,FISICA DEL MOVIMIENTO APLICADA
L,06,0,L106,INGLES I,← →,M,06,0,M106,INGLES I
L,06,0,L107,PROGRAMACION,← →,M,06,0,M107,PROGRAMACION (TALLER)
L,06,0,L108,QUIMICA GENERAL APLICADA,← →,M,06,0,M108,QUIMICA GENERAL APLICADA
L,06,0,L209,ALGEBRA VECTORIAL,← →,M,06,0,M209,ALGEBRA VECTORIAL
L,06,0,L210,ESTADISTICA,← →,M,06,0,M210,ESTADISTICA
L,06,0,L211,INGLES II,← →,M,06,0,M212,INGLES II
L,06,0,L214,QUIMICA ORGANICA APLICADA,← →,M,06,0,M214,QUIMICA ORGANICA APLICADA
L,06,0,L215,RELACIONES LABORALES,← →,M,06,0,M215,RELACIONES LABORALES
L,06,0,L317,APLICACIONES MATEMATICAS (TALLER),← →,M,06,0,M317,APLICACIONES MATEMATICAS (TALLER)
L,06,0,L319,ECUACIONES DIFERENCIALES,← →,M,06,0,M319,ECUACIONES DIFERENCIALES
L,06,0,L320,ETICA (TALLER),← →,M,06,0,M321,ETICA (TALLER)
L,06,0,L323,INGLES III,← →,M,06,0,M324,INGLES III
L,06,0,L433,METODOS NUMERICOS (TALLER),← →,M,06,0,M430,METODOS NUMERICOS (TALLER)
L,06,0,L763,FORMULACION Y EVALUACION DE PROYECTOS,← →,M,06,0,M648,FORMULACION Y EVALUACION DE PROYECTOS
L,06,0,L103,CALCULO DIFERENCIAL E INTEGRAL,← →,M,14,0,M101,CALCULO DIFERENCIAL E INTEGRAL
L,06,0,L104,COMUNICA. Y SIST. DE INFORMACION (TALLER),← →,M,14,0,M106,LOGICA Y COMUNICACION
L,06,0,L105,FISICA DEL MOVIMIENTO APLICADA,← →,M,14,0,M103,FISICA PARA BIOINGENIERIOS
L,06,0,L105,FISICA DEL MOVIMIENTO APLICADA,← →,M,14,0,M105,LABORATORIO DE FISICA
L,06,0,L106,INGLES I,← →,M,14,0,M104,INGLES I
L,06,0,L108,QUIMICA GENERAL APLICADA,← →,M,14,0,M107,QUIMICA INORGANICA PARA BIOINGENIEROS
L,14,0,L101,CALCULO DIFERENCIAL E INTEGRAL,← →,M,06,0,M103,CALCULO DIFERENCIAL E INTEGRAL
L,14,0,L103,FISICA PARA BIOINGENIEROS,← →,M,06,0,M105,FISICA DEL MOVIMIENTO APLICADA
L,14,0,L104,INGLES I,← →,M,06,0,M106,INGLES I
L,14,0,L105,LABORATORIO DE FISICA,← →,M,06,0,M105,FISICA DEL MOVIMIENTO APLICADA
L,14,0,L106,LOGICA Y COMUNICACIÓN,← →,M,06,0,M104,COMUNICA. Y SIST. DE INFORMACION (TALLER)
L,14,0,L107,QUÍMICA INORGÁNICA PARA BIOINGENIEROS,← →,M,06,0,M108,QUIMICA GENERAL APLICADA
L,99,0,L101,BIOLOGIA,← →,M,99,0,M101,BIOLOGIA
L,99,0,L102,COMPUTACION,← →,M,99,0,M102,COMPUTACION
L,99,0,L103,FISICA,← →,M,99,0,M103,FISICA
L,99,0,L104,LAB. DE CIENCIAS BASICAS,← →,M,99,0,M104,LAB. DE CIENCIAS BASICAS
L,99,0,L105,MATEMATICAS I,← →,M,99,0,M105,MATEMATICAS I
L,99,0,L106,QUIMICA GENERAL,← →,M,99,0,M106,QUIMICA GENERAL
L,99,0,L107,TALLER DE COMUNICACION,← →,M,99,0,M107,TALLER DE COMUNICACION
L,99,0,L210,MATEMATICAS II,← →,M,99,0,M210,MATEMATICAS II
L,99,0,L212,QUIMICA ORGANICA,← →,M,99,0,M213,QUIMICA ORGANICA
M,06,0,M102,BIOTECNOLOGIA Y SOCIEDAD,← →,A,06,0,A101,BIOTECNOLOGIA Y SOCIEDAD
M,06,0,M103,CALCULO DIFERENCIAL E INTEGRAL,← →,A,06,0,A103,CALCULO DIFERENCIAL E INTEGRAL
M,06,0,M104,COMUNICA. Y SIST. DE INFORMACION (TALLER),← →,A,06,0,A104,COMUNICA. Y SIST. DE INFORMACION (TALLER)
M,06,0,M105,FISICA DEL MOVIMIENTO APLICADA,← →,A,06,0,A105,FISICA DEL MOVIMIENTO APLICADA
M,06,0,M106,INGLES I,← →,A,06,0,A106,INGLES I
M,06,0,M107,PROGRAMACION (TALLER),← →,A,06,0,A107,PROGRAMACION (TALLER)
M,06,0,M108,QUIMICA GENERAL APLICADA,← →,A,06,0,A108,QUIMICA GENERAL APLICADA
M,06,0,M209,ALGEBRA VECTORIAL,← →,A,06,0,A209,ALGEBRA VECTORIAL
M,06,0,M210,ESTADISTICA,← →,A,06,0,A211,ESTADISTICA
M,06,0,M211,FISICA DE LA ENERGIA APLICADA,← →,A,06,0,A212,FISICA DE LA ENERGIA APLICADA
M,06,0,M212,INGLES II,← →,A,06,0,A213,INGLES II
M,06,0,M214,QUIMICA ORGANICA APLICADA,← →,A,06,0,A215,QUIMICA ORGANICA APLICADA
M,06,0,M215,RELACIONES LABORALES,← →,A,06,0,A216,RELACIONES LABORALES
M,06,0,M317,APLICACIONES MATEMATICAS (TALLER),← →,A,06,0,A319,APLICACIONES MATEMATICAS (TALLER)
M,06,0,M319,ECUACIONES DIFERENCIALES,← →,A,06,0,A321,ECUACIONES DIFERENCIALES
M,06,0,M321,ETICA (TALLER),← →,A,06,0,A322,ETICA (TALLER)
M,06,0,M324,INGLES III,← →,A,06,0,A318,INGLES III
M,06,0,M429,INSTRUMENTACION Y CONTROL,← →,A,06,0,A325,INSTRUMENTACION Y CONTROL
M,06,0,M430,METODOS NUMERICOS (TALLER),← →,A,06,0,A433,METODOS NUMERICOS (TALLER)
M,06,0,M431,SISTEMAS DE CALIDAD,← →,A,06,0,A652,SISTEMAS DE CALIDAD
M,06,0,M648,FORMULACION Y EVALUACION DE PROYECTOS,← →,A,06,0,A647,FOR.Y EVAL.DE PROYECTOS
M,06,0,M103,CALCULO DIFERENCIAL E INTEGRAL,← →,A,14,0,A101,CALCULO DIFERENCIAL E INTEGRAL
M,06,0,M104,COMUNICA. Y SIST. DE INFORMACION (TALLER),← →,A,14,0,A106,LÓGICA Y COMUNICACIÓN
M,06,0,M105,FISICA DEL MOVIMIENTO APLICADA,← →,A,14,0,A103,FISICA PARA BIOINGENIEROS
M,06,0,M105,FISICA DEL MOVIMIENTO APLICADA,← →,A,14,0,A105,LABORATORIO DE FÍSICA
M,06,0,M106,INGLES I,← →,A,14,0,A104,INGLES I
M,06,0,M108,QUIMICA GENERAL APLICADA,← →,A,14,0,A107,QUÍMICA INORGÁNICA PARA BIOINGENIEROS
M,14,0,M101,CALCULO DIFERENCIAL E INTEGRAL,← →,A,06,0,A103,CALCULO DIFERENCIAL E INTEGRAL
M,14,0,M103,FISICA PARA BIOINGENIERIOS,← →,A,06,0,A105,FISICA DEL MOVIMIENTO APLICADA
M,14,0,M104,INGLES I,← →,A,06,0,A106,INGLES I
M,14,0,M105,LABORATORIO DE FISICA,← →,A,06,0,A105,FISICA DEL MOVIMIENTO APLICADA
M,14,0,M106,LOGICA Y COMUNICACION,← →,A,06,0,A104,COMUNICA. Y SIST. DE INFORMACION (TALLER)
M,14,0,M107,QUIMICA INORGANICA PARA BIOINGENIEROS,← →,A,06,0,A108,QUIMICA GENERAL APLICADA
M,99,0,M101,BIOLOGIA,← →,A,99,0,A101,BIOLOGIA
M,99,0,M102,COMPUTACION,← →,A,99,0,A102,COMPUTACION
M,99,0,M103,FISICA,← →,A,99,0,A103,FISICA
M,99,0,M104,LAB. DE CIENCIAS BASICAS,← →,A,99,0,A104,LAB. DE CIENCIAS BASICAS
M,99,0,M105,MATEMATICAS I,← →,A,99,0,A105,MATEMATICAS I
M,99,0,M106,QUIMICA GENERAL,← →,A,99,0,A106,QUIMICA GENERAL
M,99,0,M107,TALLER DE COMUNICACION,← →,A,99,0,A107,TALLER DE COMUNICACION
M,99,0,M317,MATEMATICAS III,← →,A,99,0,A316,MATEMATICAS III
M,99,0,M318,METODOS NUMERICOS,←,A,99,0,A317,METODOS NUMERICOS
M,06,0,M101,BIOLOGIA CELULAR,← →,B,06,0,B101,BIOLOGIA CELULAR
M,06,0,M102,BIOTECNOLOGIA Y SOCIEDAD,← →,B,06,0,B102,BIOTECNOLOGIA Y SOCIEDAD
M,06,0,M103,CALCULO DIFERENCIAL E INTEGRAL,← →,B,06,0,B103,CALCULO DIFERENCIAL E INTEGRAL
M,06,0,M104,COMUNICA. Y SIST. DE INFORMACION (TALLER),← →,B,06,0,B104,COMUNICA. Y SIST. DE INFORMACION (TALLER)
M,06,0,M106,INGLES I,← →,B,06,0,B107,INGLES I
M,06,0,M107,PROGRAMACION (TALLER),← →,B,06,0,B109,PROGRAMACION (TALLER)
M,06,0,M209,ALGEBRA VECTORIAL,← →,B,06,0,B211,ALGEBRA VECTORIAL
M,06,0,M210,ESTADISTICA,← →,B,06,0,B212,ESTADISTICA
M,06,0,M211,FISICA DE LA ENERGIA APLICADA,→,B,06,0,B105,FISICA DE LA ENERGIA
M,06,0,M212,INGLES II,← →,B,06,0,B213,INGLES II
M,06,0,M215,RELACIONES LABORALES,← →,B,06,0,B216,RELACIONES LABORALES
M,06,0,M317,APLICACIONES MATEMATICAS (TALLER),← →,B,06,0,B318,APLICACIONES MATEMATICAS (TALLER)
M,06,0,M319,ECUACIONES DIFERENCIALES,← →,B,06,0,B320,ECUACIONES DIFERENCIALES
M,06,0,M321,ETICA (TALLER),← →,B,06,0,B321,ETICA (TALLER)
M,06,0,M324,INGLES III,← →,B,06,0,B323,INGLES III
M,06,0,M430,METODOS NUMERICOS (TALLER),← →,B,06,0,B434,METODOS NUMERICOS (TALLER)
M,06,0,M431,SISTEMAS DE CALIDAD,← →,B,06,0,B541,SISTEMAS DE CALIDAD
M,06,0,M648,FORMULACION Y EVALUACION DE PROYECTOS,← →,B,06,0,B861,FORMULACION Y EVALUACION DE PROYECTOS
M,06,0,M103,CALCULO DIFERENCIAL E INTEGRAL,← →,B,14,0,B101,CALCULO DIFERENCIAL E INTEGRAL
M,06,0,M104,COMUNICA. Y SIST. DE INFORMACION (TALLER),← →,B,14,0,B106,LÓGICA Y COMUNICACIÓN
M,06,0,M105,FISICA DEL MOVIMIENTO APLICADA,← →,B,14,0,B103,FISICA PARA BIOINGENIEROS
M,06,0,M106,INGLES I,← →,B,14,0,B104,INGLÉS I
M,06,0,M108,QUIMICA GENERAL APLICADA,← →,B,14,0,B107,QUÍMICA INORGÁNICA PARA BIOINGENIEROS
M,06,0,M101,BIOLOGIA CELULAR,← →,B,24,0,B101,BIOLOGÍA CELULAR
M,06,0,M103,CALCULO DIFERENCIAL E INTEGRAL,← →,B,24,0,B103,CÁLCULO DIFERENCIAL E INTEGRAL
M,06,0,M104,COMUNICA. Y SIST. DE INFORMACION (TALLER),← →,B,24,0,B109,COMUNICACIÓN PROFESIONAL
M,06,0,M105,FISICA DEL MOVIMIENTO APLICADA,← →,B,24,0,B104,FÍSICA DEL MOVIMIENTO
M,06,0,M105,FISICA DEL MOVIMIENTO APLICADA,← →,B,24,0,B105,LABORATORIO DE FÍSICA DEL MOVIMIENTO
M,06,0,M107,PROGRAMACION (TALLER),← →,B,24,0,B108,PROGRAMACIÓN
M,06,0,M108,QUIMICA GENERAL APLICADA,← →,B,24,0,B106,LABORATORIO DE QUÍMICA GENERAL
M,06,0,M108,QUIMICA GENERAL APLICADA,← →,B,24,0,B107,QUÍMICA GENERAL
M,06,0,M211,FISICA DE LA ENERGIA APLICADA,← →,B,24,0,B203,FÍSICA DE LA ENERGÍA
M,06,0,M211,FISICA DE LA ENERGIA APLICADA,← →,B,24,0,B204,LABORATORIO DE FISICA DE LA ENERGÍA
M,06,0,M212,INGLES II,← →,B,24,0,B408,INGLÉS II
M,06,0,M214,QUIMICA ORGANICA APLICADA,← →,B,24,0,B207,QUIMICA ORGÁNICA
M,06,0,M215,RELACIONES LABORALES,← →,B,24,0,B508,GESTIÓN ORGANIZACIÓN Y DIRECCIÓN EMPRESARIAL
M,06,0,M319,ECUACIONES DIFERENCIALES,← →,B,24,0,B301,ECUACIONES DIFERENCIALES
M,06,0,M430,METODOS NUMERICOS (TALLER),← →,B,24,0,B401,MÉTODOS NÚMERICOS
M,06,0,M431,SISTEMAS DE CALIDAD,←,B,24,0,B705,QUALITY MANAGEMENT SYSTEM
M,06,0,M648,FORMULACION Y EVALUACION DE PROYECTOS,← →,B,24,0,B703,FORMULACIÓN Y EVALUACIÓN DE PROYECTOS
M,14,0,M101,CALCULO DIFERENCIAL E INTEGRAL,← →,B,06,0,B103,CALCULO DIFERENCIAL E INTEGRAL
M,14,0,M103,FISICA PARA BIOINGENIERIOS,← →,B,06,0,B106,FISICA DEL MOVIMIENTO
M,14,0,M104,INGLES I,← →,B,06,0,B107,INGLES I
M,14,0,M105,LABORATORIO DE FISICA,← →,B,06,0,B106,FISICA DEL MOVIMIENTO
M,14,0,M106,LOGICA Y COMUNICACION,← →,B,06,0,B104,COMUNICA. Y SIST. DE INFORMACION (TALLER)
M,14,0,M107,QUIMICA INORGANICA PARA BIOINGENIEROS,← →,B,06,0,B110,QUIMICA GENERAL
M,99,0,M101,BIOLOGIA,← →,B,99,0,B101,BIOLOGIA
M,99,0,M102,COMPUTACION,← →,B,99,0,B102,COMPUTACION
M,99,0,M103,FISICA,← →,B,99,0,B103,FISICA
M,99,0,M104,LAB. DE CIENCIAS BASICAS,← →,B,99,0,B104,LAB. DE CIENCIAS BASICAS
M,99,0,M105,MATEMATICAS I,← →,B,99,0,B105,MATEMATICAS I
M,99,0,M106,QUIMICA GENERAL,← →,B,99,0,B106,QUIMICA GENERAL
M,99,0,M107,TALLER DE COMUNICACION,← →,B,99,0,B107,TALLER DE COMUNICACION
M,06,0,M101,BIOLOGIA CELULAR,← →,F,06,0,F101,BIOLOGIA CELULAR
M,06,0,M102,BIOTECNOLOGIA Y SOCIEDAD,← →,F,06,0,F102,BIOTECNOLOGIA Y SOCIEDAD
M,06,0,M103,CALCULO DIFERENCIAL E INTEGRAL,← →,F,06,0,F103,CALCULO DIFERENCIAL E INTEGRAL
M,06,0,M104,COMUNICA. Y SIST. DE INFORMACION (TALLER),← →,F,06,0,F106,COMUNICA. Y SIST. DE INFORMACION (TALLER)
M,06,0,M105,FISICA DEL MOVIMIENTO APLICADA,← →,F,06,0,F108,FISICA DEL MOVIMIENTO APLICADA
M,06,0,M106,INGLES I,← →,F,06,0,F107,INGLES I
M,06,0,M107,PROGRAMACION (TALLER),← →,F,06,0,F105,PROGRAMACION (TALLER)
M,06,0,M108,QUIMICA GENERAL APLICADA,← →,F,06,0,F104,QUIMICA GENERAL APLICADA
M,06,0,M209,ALGEBRA VECTORIAL,← →,F,06,0,F209,ALGEBRA VECTORIAL
M,06,0,M210,ESTADISTICA,← →,F,06,0,F210,ESTADISTICA
M,06,0,M212,INGLES II,← →,F,06,0,F212,INGLES II
M,06,0,M215,RELACIONES LABORALES,← →,F,06,0,F214,RELACIONES LABORALES
M,06,0,M317,APLICACIONES MATEMATICAS (TALLER),← →,F,06,0,F316,APLICACIONES MATEMATICAS (TALLER)
M,06,0,M319,ECUACIONES DIFERENCIALES,← →,F,06,0,F317,ECUACIONES DIFERENCIALES
M,06,0,M321,ETICA (TALLER),← →,F,06,0,F323,ETICA (TALLER)
M,06,0,M324,INGLES III,← →,F,06,0,F325,INGLES III
M,06,0,M430,METODOS NUMERICOS (TALLER),← →,F,06,0,F426,METODOS NUMERICOS (TALLER)
M,06,0,M431,SISTEMAS DE CALIDAD,← →,F,06,0,F320,SISTEMAS DE CALIDAD
M,06,0,M652,PROYECTO TERMINAL I,← →,F,06,0,F651,PROYECTO TERMINAL I
M,06,0,M764,PROYECTO TERMINAL II,← →,F,06,0,F758,PROYECTO TERMINAL II
M,06,0,M873,PROYECTO TERMINAL III,← →,F,06,0,F863,PROYECTO TERMINAL III
M,06,0,M103,CALCULO DIFERENCIAL E INTEGRAL,← →,F,14,0,F101,CALCULO DIFERENCIAL E INTEGRAL
M,06,0,M104,COMUNICA. Y SIST. DE INFORMACION (TALLER),← →,F,14,0,F106,LÓGICA Y COMUNICACIÓN
M,06,0,M105,FISICA DEL MOVIMIENTO APLICADA,← →,F,14,0,F103,FISICA PARA BIOINGENIEROS
M,06,0,M105,FISICA DEL MOVIMIENTO APLICADA,← →,F,14,0,F105,LABORATORIO DE FÍSICA
M,06,0,M106,INGLES I,← →,F,14,0,F104,INGLÉS I
M,06,0,M108,QUIMICA GENERAL APLICADA,← →,F,14,0,F107,QUIMICA INORGÁNICA PARA BIOINGENIEROS
M,14,0,M101,CALCULO DIFERENCIAL E INTEGRAL,← →,F,06,0,F103,CALCULO DIFERENCIAL E INTEGRAL
M,14,0,M103,FISICA PARA BIOINGENIERIOS,← →,F,06,0,F108,FISICA DEL MOVIMIENTO APLICADA
M,14,0,M104,INGLES I,← →,F,06,0,F107,INGLES I
M,14,0,M105,LABORATORIO DE FISICA,← →,F,06,0,F108,FISICA DEL MOVIMIENTO APLICADA
M,14,0,M106,LOGICA Y COMUNICACION,← →,F,06,0,F106,COMUNICA. Y SIST. DE INFORMACION (TALLER)
M,14,0,M107,QUIMICA INORGANICA PARA BIOINGENIEROS,← →,F,06,0,F104,QUIMICA GENERAL APLICADA
M,99,0,M101,BIOLOGIA,← →,F,99,0,F101,BIOLOGIA
M,99,0,M102,COMPUTACION,← →,F,99,0,F102,COMPUTACION
M,99,0,M103,FISICA,← →,F,99,0,F103,FISICA
M,99,0,M104,LAB. DE CIENCIAS BASICAS,← →,F,99,0,F104,LAB. DE CIENCIAS BASICAS
M,99,0,M105,MATEMATICAS I,← →,F,99,0,F105,MATEMATICAS I
M,99,0,M106,QUIMICA GENERAL,← →,F,99,0,F106,QUIMICA GENERAL
M,99,0,M107,TALLER DE COMUNICACION,← →,F,99,0,F107,TALLER DE COMUNICACION
M,06,0,M101,BIOLOGIA CELULAR,← →,L,06,0,L101,BIOLOGIA CELULAR
M,06,0,M102,BIOTECNOLOGIA Y SOCIEDAD,← →,L,06,0,L102,BIOTECNOLOGIA Y SOCIEDAD
M,06,0,M103,CALCULO DIFERENCIAL E INTEGRAL,← →,L,06,0,L103,CALCULO DIFERENCIAL E INTEGRAL
M,06,0,M104,COMUNICA. Y SIST. DE INFORMACION (TALLER),← →,L,06,0,L104,COMUNICA. Y SIST. DE INFORMACION (TALLER)
M,06,0,M105,FISICA DEL MOVIMIENTO APLICADA,← →,L,06,0,L105,FISICA DEL MOVIMIENTO APLICADA
M,06,0,M106,INGLES I,← →,L,06,0,L106,INGLES I
M,06,0,M107,PROGRAMACION (TALLER),← →,L,06,0,L107,PROGRAMACION
M,06,0,M108,QUIMICA GENERAL APLICADA,← →,L,06,0,L108,QUIMICA GENERAL APLICADA
M,06,0,M209,ALGEBRA VECTORIAL,← →,L,06,0,L209,ALGEBRA VECTORIAL
M,06,0,M210,ESTADISTICA,← →,L,06,0,L210,ESTADISTICA
M,06,0,M212,INGLES II,← →,L,06,0,L211,INGLES II
M,06,0,M214,QUIMICA ORGANICA APLICADA,← →,L,06,0,L214,QUIMICA ORGANICA APLICADA
M,06,0,M215,RELACIONES LABORALES,← →,L,06,0,L215,RELACIONES LABORALES
M,06,0,M317,APLICACIONES MATEMATICAS (TALLER),← →,L,06,0,L317,APLICACIONES MATEMATICAS (TALLER)
M,06,0,M319,ECUACIONES DIFERENCIALES,← →,L,06,0,L319,ECUACIONES DIFERENCIALES
M,06,0,M321,ETICA (TALLER),← →,L,06,0,L320,ETICA (TALLER)
M,06,0,M324,INGLES III,← →,L,06,0,L323,INGLES III
M,06,0,M430,METODOS NUMERICOS (TALLER),← →,L,06,0,L433,METODOS NUMERICOS (TALLER)
M,06,0,M648,FORMULACION Y EVALUACION DE PROYECTOS,← →,L,06,0,L763,FORMULACION Y EVALUACION DE PROYECTOS
M,06,0,M103,CALCULO DIFERENCIAL E INTEGRAL,← →,L,14,0,L101,CALCULO DIFERENCIAL E INTEGRAL
M,06,0,M104,COMUNICA. Y SIST. DE INFORMACION (TALLER),← →,L,14,0,L106,LOGICA Y COMUNICACIÓN
M,06,0,M105,FISICA DEL MOVIMIENTO APLICADA,← →,L,14,0,L103,FISICA PARA BIOINGENIEROS
M,06,0,M105,FISICA DEL MOVIMIENTO APLICADA,← →,L,14,0,L105,LABORATORIO DE FISICA
M,06,0,M106,INGLES I,← →,L,14,0,L104,INGLES I
M,06,0,M108,QUIMICA GENERAL APLICADA,← →,L,14,0,L107,QUÍMICA INORGÁNICA PARA BIOINGENIEROS
M,14,0,M101,CALCULO DIFERENCIAL E INTEGRAL,← →,L,06,0,L103,CALCULO DIFERENCIAL E INTEGRAL
M,14,0,M103,FISICA PARA BIOINGENIERIOS,← →,L,06,0,L105,FISICA DEL MOVIMIENTO APLICADA
M,14,0,M104,INGLES I,← →,L,06,0,L106,INGLES I
M,14,0,M105,LABORATORIO DE FISICA,← →,L,06,0,L105,FISICA DEL MOVIMIENTO APLICADA
M,14,0,M106,LOGICA Y COMUNICACION,← →,L,06,0,L104,COMUNICA. Y SIST. DE INFORMACION (TALLER)
M,14,0,M107,QUIMICA INORGANICA PARA BIOINGENIEROS,← →,L,06,0,L108,QUIMICA GENERAL APLICADA
M,99,0,M101,BIOLOGIA,← →,L,99,0,L101,BIOLOGIA
M,99,0,M102,COMPUTACION,← →,L,99,0,L102,COMPUTACION
M,99,0,M103,FISICA,← →,L,99,0,L103,FISICA
M,99,0,M104,LAB. DE CIENCIAS BASICAS,← →,L,99,0,L104,LAB. DE CIENCIAS BASICAS
M,99,0,M105,MATEMATICAS I,← →,L,99,0,L105,MATEMATICAS I
M,99,0,M106,QUIMICA GENERAL,← →,L,99,0,L106,QUIMICA GENERAL
M,99,0,M107,TALLER DE COMUNICACION,← →,L,99,0,L107,TALLER DE COMUNICACION
M,99,0,M210,MATEMATICAS II,← →,L,99,0,L210,MATEMATICAS II
M,99,0,M213,QUIMICA ORGANICA,← →,L,99,0,L212,QUIMICA ORGANICA
M,06,0,M103,CALCULO DIFERENCIAL E INTEGRAL,← →,M,14,0,M101,CALCULO DIFERENCIAL E INTEGRAL
M,06,0,M104,COMUNICA. Y SIST. DE INFORMACION (TALLER),← →,M,14,0,M106,LOGICA Y COMUNICACION
M,06,0,M105,FISICA DEL MOVIMIENTO APLICADA,← →,M,14,0,M103,FISICA PARA BIOINGENIERIOS
M,06,0,M106,INGLES I,← →,M,14,0,M104,INGLES I
M,06,0,M108,QUIMICA GENERAL APLICADA,← →,M,14,0,M107,QUIMICA INORGANICA PARA BIOINGENIEROS
M,06,0,M101,BIOLOGIA CELULAR,← →,M,99,0,M101,BIOLOGIA
M,06,0,M103,CALCULO DIFERENCIAL E INTEGRAL,← →,M,99,0,M210,MATEMATICAS II
M,06,0,M104,COMUNICA. Y SIST. DE INFORMACION (TALLER),← →,M,99,0,M107,TALLER DE COMUNICACION
M,06,0,M105,FISICA DEL MOVIMIENTO APLICADA,← →,M,99,0,M103,FISICA
M,06,0,M107,PROGRAMACION (TALLER),← →,M,99,0,M212,PROGRAMACION
M,06,0,M108,QUIMICA GENERAL APLICADA,← →,M,99,0,M106,QUIMICA GENERAL
M,06,0,M210,ESTADISTICA,← →,M,99,0,M425,PROBABILIDAD Y ESTADISTICA
M,06,0,M211,FISICA DE LA ENERGIA APLICADA,← →,M,99,0,M209,FISICA II
M,06,0,M213,MORFOLOGIA,← →,M,99,0,M211,MORFOLOGIA HUMANA
M,06,0,M214,QUIMICA ORGANICA APLICADA,← →,M,99,0,M213,QUIMICA ORGANICA
M,06,0,M316,ANALISIS DE CIRCUITOS,← →,M,99,0,M314,ANALISIS DE CIRCUITOS
M,06,0,M318,BIOQUIMICA CLINICA,← →,M,99,0,M315,BIOQUIMICA CLINICA
M,06,0,M319,ECUACIONES DIFERENCIALES,← →,M,99,0,M317,MATEMATICAS III
M,06,0,M320,ELECTROQUIMICA I,← →,M,99,0,M316,ELECTROQUIMICA I
M,06,0,M321,ETICA (TALLER),← →,M,99,0,M208,ETICA
M,06,0,M322,FISIOLOGIA Y BIOFISICA I,← →,M,99,0,M423,FISIOLOGIA Y BIOFISICA I
M,06,0,M323,INGENIERIA ELECTRICA,← →,M,99,0,M424,INGENIERIA ELECTRICA
M,06,0,M325,SISTEMAS DIGITALES I,← →,M,99,0,M532,SISTEMAS DIGITALES I
M,06,0,M426,ELECTRONICA I,← →,M,99,0,M421,ELECTRONICA I
M,06,0,M427,ELECTROQUIMICA II,← →,M,99,0,M422,ELECTROQUIMICA II
M,06,0,M428,FISIOLOGIA Y BIOFISICA II,← →,M,99,0,M529,FISIOLOGIA Y BIOFISICA II
M,06,0,M429,INSTRUMENTACION Y CONTROL,← →,M,99,0,M530,INSTRUMENTACION Y CONTROL
M,06,0,M430,METODOS NUMERICOS (TALLER),← →,M,99,0,M318,METODOS NUMERICOS
M,06,0,M431,SISTEMAS DE CALIDAD,← →,M,99,0,M847,ADMINISTRACION DE LA CALIDAD
M,06,0,M432,SISTEMAS DIGITALES II,← →,M,99,0,M639,SISTEMAS DIGITALES II
M,06,0,M433,SISTEMAS DINAMICOS,← →,M,99,0,M640,SISTEMAS DINAMICOS
M,06,0,M434,TECNOLOGIA CLINICA,← →,M,99,0,M426,TECNOLOGIA CLINICA
M,14,0,M101,CALCULO DIFERENCIAL E INTEGRAL,← →,M,06,0,M103,CALCULO DIFERENCIAL E INTEGRAL
M,14,0,M103,FISICA PARA BIOINGENIERIOS,← →,M,06,0,M105,FISICA DEL MOVIMIENTO APLICADA
M,14,0,M104,INGLES I,← →,M,06,0,M106,INGLES I
M,14,0,M106,LOGICA Y COMUNICACION,← →,M,06,0,M104,COMUNICA. Y SIST. DE INFORMACION (TALLER)
M,14,0,M107,QUIMICA INORGANICA PARA BIOINGENIEROS,← →,M,06,0,M108,QUIMICA GENERAL APLICADA
M,99,0,M101,BIOLOGIA,← →,M,06,0,M101,BIOLOGIA CELULAR
M,99,0,M103,FISICA,← →,M,06,0,M105,FISICA DEL MOVIMIENTO APLICADA
M,99,0,M106,QUIMICA GENERAL,← →,M,06,0,M108,QUIMICA GENERAL APLICADA
M,99,0,M107,TALLER DE COMUNICACION,← →,M,06,0,M104,COMUNICA. Y SIST. DE INFORMACION (TALLER)
M,99,0,M208,ETICA,← →,M,06,0,M321,ETICA (TALLER)
M,99,0,M209,FISICA II,← →,M,06,0,M211,FISICA DE LA ENERGIA APLICADA
M,99,0,M210,MATEMATICAS II,← →,M,06,0,M103,CALCULO DIFERENCIAL E INTEGRAL
M,99,0,M211,MORFOLOGIA HUMANA,← →,M,06,0,M213,MORFOLOGIA
M,99,0,M212,PROGRAMACION,← →,M,06,0,M107,PROGRAMACION (TALLER)
M,99,0,M213,QUIMICA ORGANICA,← →,M,06,0,M214,QUIMICA ORGANICA APLICADA
M,99,0,M314,ANALISIS DE CIRCUITOS,← →,M,06,0,M316,ANALISIS DE CIRCUITOS
M,99,0,M315,BIOQUIMICA CLINICA,← →,M,06,0,M318,BIOQUIMICA CLINICA
M,99,0,M316,ELECTROQUIMICA I,← →,M,06,0,M320,ELECTROQUIMICA I
M,99,0,M317,MATEMATICAS III,← →,M,06,0,M319,ECUACIONES DIFERENCIALES
M,99,0,M318,METODOS NUMERICOS,← →,M,06,0,M430,METODOS NUMERICOS (TALLER)
M,99,0,M421,ELECTRONICA I,← →,M,06,0,M426,ELECTRONICA I
M,99,0,M422,ELECTROQUIMICA II,← →,M,06,0,M427,ELECTROQUIMICA II
M,99,0,M423,FISIOLOGIA Y BIOFISICA I,← →,M,06,0,M322,FISIOLOGIA Y BIOFISICA I
M,99,0,M424,INGENIERIA ELECTRICA,← →,M,06,0,M323,INGENIERIA ELECTRICA
M,99,0,M425,PROBABILIDAD Y ESTADISTICA,← →,M,06,0,M210,ESTADISTICA
M,99,0,M426,TECNOLOGIA CLINICA,← →,M,06,0,M434,TECNOLOGIA CLINICA
M,99,0,M529,FISIOLOGIA Y BIOFISICA II,← →,M,06,0,M428,FISIOLOGIA Y BIOFISICA II
M,99,0,M530,INSTRUMENTACION Y CONTROL,← →,M,06,0,M429,INSTRUMENTACION Y CONTROL
M,99,0,M532,SISTEMAS DIGITALES I,← →,M,06,0,M325,SISTEMAS DIGITALES I
M,99,0,M639,SISTEMAS DIGITALES II,← →,M,06,0,M432,SISTEMAS DIGITALES II
M,99,0,M640,SISTEMAS DINAMICOS,← →,M,06,0,M433,SISTEMAS DINAMICOS
M,99,0,M847,ADMINISTRACION DE LA CALIDAD,← →,M,06,0,M431,SISTEMAS DE CALIDAD
A,99,0,A739,ADMON. DE LA PRODUCCION,← →,B,99,E,E739,ADMON. DE LA PRODUCCION
B,06,0,B322,FISIOLOGIA CELULAR,← →,B,99,G,G740,BIOLOGIA Y FISIOL. MOLECULAR
B,99,E,E739,ADMON. DE LA PRODUCCION,← →,A,99,0,A739,ADMON. DE LA PRODUCCION
B,99,E,E742,PROC. DE BIOSEP. II,← →,B,99,G,G742,PROCESOS DE BIOSEPARACION II
B,99,E,E743,PROC. DE BIOSEP. III,← →,B,99,G,G743,PROCESOS DE BIOSEPARACION III
B,99,E,E845,ADMINISTRACION DE LA CALIDAD,← →,B,99,G,G845,ADMINISTRACION DE LA CALIDAD
B,99,E,E847,DIS. DE PLANT.BIOTEC.,← →,B,99,G,G847,DISEÑO DE PLANTAS BIOTECNOL.
B,99,E,E849,PROYECTO TERMINAL III,← →,B,99,G,G849,PROYECTO TERMINAL III
B,99,E,E742,PROC. DE BIOSEP. II,← →,B,99,P,P742,PRCES.DE BIOSEP. II
B,99,E,E743,PROC. DE BIOSEP. III,← →,B,99,P,P743,PROCES.DE BIOSEP.III
B,99,E,E845,ADMINISTRACION DE LA CALIDAD,← →,B,99,P,P845,ADMINISTRACION DE LA CALIDAD
B,99,E,E849,PROYECTO TERMINAL III,← →,B,99,P,P848,PROYECTO TERMINAL III
B,99,E,E739,ADMON. DE LA PRODUCCION,← →,F,06,0,F101,BIOLOGIA CELULAR
B,99,E,E739,ADMON. DE LA PRODUCCION,← →,F,99,0,F739,ADM. DE LA PRODUCCION
B,99,G,G740,BIOLOGIA Y FISIOL. MOLECULAR,← →,B,06,0,B322,FISIOLOGIA CELULAR
B,99,G,G742,PROCESOS DE BIOSEPARACION II,← →,B,99,E,E742,PROC. DE BIOSEP. II
B,99,G,G743,PROCESOS DE BIOSEPARACION III,← →,B,99,E,E743,PROC. DE BIOSEP. III
B,99,G,G845,ADMINISTRACION DE LA CALIDAD,← →,B,99,E,E845,ADMINISTRACION DE LA CALIDAD
B,99,G,G847,DISEÑO DE PLANTAS BIOTECNOL.,← →,B,99,E,E847,DIS. DE PLANT.BIOTEC.
B,99,G,G849,PROYECTO TERMINAL III,← →,B,99,E,E849,PROYECTO TERMINAL III
B,99,P,P742,PRCES.DE BIOSEP. II,← →,B,99,E,E742,PROC. DE BIOSEP. II
B,99,P,P743,PROCES.DE BIOSEP.III,← →,B,99,E,E743,PROC. DE BIOSEP. III
B,99,P,P845,ADMINISTRACION DE LA CALIDAD,← →,B,99,E,E845,ADMINISTRACION DE LA CALIDAD
B,99,P,P848,PROYECTO TERMINAL III,← →,B,99,E,E849,PROYECTO TERMINAL III
B,99,P,P739,ADMON.DE PRODUCCION,← →,B,99,G,G739,ADMON. DE LA PRODUCCION
B,99,P,P742,PRCES.DE BIOSEP. II,← →,B,99,G,G742,PROCESOS DE BIOSEPARACION II
B,99,P,P845,ADMINISTRACION DE LA CALIDAD,← →,B,99,G,G845,ADMINISTRACION DE LA CALIDAD
B,99,P,P846,DISEÑO DE PLAN. BTE.,← →,B,99,G,G847,DISEÑO DE PLANTAS BIOTECNOL.
B,99,P,P848,PROYECTO TERMINAL III,← →,B,99,G,G849,PROYECTO TERMINAL III
B,99,P,P739,ADMON.DE PRODUCCION,← →,F,99,0,F739,ADM. DE LA PRODUCCION
B,99,P,P743,PROCES.DE BIOSEP.III,← →,F,99,0,F743,PROCESOS DE BIOSEPARACION III
F,06,0,F101,BIOLOGIA CELULAR,← →,B,99,E,E739,ADMON. DE LA PRODUCCION
F,99,0,F739,ADM. DE LA PRODUCCION,← →,B,99,E,E739,ADMON. DE LA PRODUCCION
